employee_id,attrition,department,job_role,monthly_income,overtime,years_at_company,age,gender
1,Yes,Sales,Sales Executive,5993,Yes,6,41,Female
2,No,Research & Development,Research Scientist,5130,No,10,49,Male
4,Yes,Research & Development,Laboratory Technician,2090,Yes,0,37,Male
5,No,Research & Development,Research Scientist,2909,Yes,8,33,Female
7,No,Research & Development,Laboratory Technician,3468,No,2,27,Male
8,No,Research & Development,Laboratory Technician,3068,No,7,32,Male
10,No,Research & Development,Laboratory Technician,2670,Yes,1,59,Female
11,No,Research & Development,Laboratory Technician,2693,No,1,30,Male
12,No,Research & Development,Manufacturing Director,9526,No,9,38,Male
13,No,Research & Development,Healthcare Representative,5237,No,7,36,Male
14,No,Research & Development,Laboratory Technician,2426,No,5,35,Male
15,No,Research & Development,Laboratory Technician,4193,Yes,9,29,Female
16,No,Research & Development,Research Scientist,2911,No,5,31,Male
18,No,Research & Development,Laboratory Technician,2661,No,2,34,Male
19,Yes,Research & Development,Laboratory Technician,2028,Yes,4,28,Male
20,No,Research & Development,Manufacturing Director,9980,No,10,29,Female
21,No,Research & Development,Research Scientist,3298,Yes,6,32,Male
22,No,Research & Development,Laboratory Technician,2935,Yes,1,22,Male
23,No,Sales,Manager,15427,No,25,53,Female
24,No,Research & Development,Research Scientist,3944,Yes,3,38,Male
26,No,Research & Development,Manufacturing Director,4011,No,4,24,Female
27,Yes,Sales,Sales Representative,3407,No,5,36,Male
28,No,Research & Development,Research Director,11994,No,12,34,Female
30,No,Research & Development,Research Scientist,1232,No,0,21,Male
31,Yes,Research & Development,Research Scientist,2960,No,4,34,Male
32,No,Research & Development,Manager,19094,No,14,53,Female
33,Yes,Research & Development,Research Scientist,3919,Yes,10,32,Female
35,No,Sales,Sales Executive,6825,No,9,42,Male
36,No,Research & Development,Healthcare Representative,10248,No,22,44,Female
38,No,Sales,Manager,18947,No,2,46,Female
39,No,Research & Development,Laboratory Technician,2496,No,1,33,Male
40,No,Research & Development,Healthcare Representative,6465,Yes,4,44,Male
41,No,Research & Development,Laboratory Technician,2206,No,10,30,Male
42,Yes,Sales,Sales Representative,2086,No,1,39,Male
45,Yes,Research & Development,Research Scientist,2293,Yes,2,24,Male
46,No,Research & Development,Research Scientist,2645,No,5,43,Female
47,Yes,Sales,Sales Representative,2683,Yes,3,50,Male
49,No,Sales,Sales Representative,2014,No,2,35,Female
51,No,Research & Development,Research Scientist,3419,Yes,1,36,Female
52,No,Sales,Sales Executive,5376,No,5,33,Female
53,No,Research & Development,Laboratory Technician,1951,No,1,35,Male
54,No,Research & Development,Laboratory Technician,2341,No,1,27,Female
55,Yes,Research & Development,Laboratory Technician,2293,No,1,26,Male
56,No,Sales,Sales Executive,8726,No,9,27,Male
57,No,Research & Development,Laboratory Technician,4011,No,12,30,Female
58,Yes,Research & Development,Research Director,19545,No,22,41,Female
60,No,Sales,Sales Executive,4568,No,9,34,Male
61,No,Research & Development,Research Scientist,3022,No,1,37,Male
62,No,Sales,Sales Executive,5772,Yes,9,46,Male
63,No,Research & Development,Laboratory Technician,2269,No,1,35,Male
64,Yes,Research & Development,Laboratory Technician,5381,Yes,1,48,Male
65,Yes,Research & Development,Laboratory Technician,3441,Yes,2,28,Male
68,No,Sales,Sales Executive,5454,Yes,4,44,Female
70,No,Research & Development,Healthcare Representative,9884,Yes,4,35,Male
72,No,Sales,Sales Executive,4157,Yes,2,26,Female
73,No,Research & Development,Research Director,13458,Yes,15,33,Female
74,No,Sales,Sales Executive,9069,No,9,35,Male
75,No,Research & Development,Laboratory Technician,4014,Yes,2,35,Female
76,No,Research & Development,Laboratory Technician,5915,No,7,31,Male
77,No,Research & Development,Manufacturing Director,5993,No,7,37,Male
78,No,Research & Development,Manufacturing Director,6162,Yes,9,32,Male
79,No,Research & Development,Laboratory Technician,2406,No,10,38,Female
80,No,Research & Development,Research Director,18740,Yes,27,50,Female
81,No,Sales,Sales Executive,7637,No,21,59,Female
83,No,Research & Development,Healthcare Representative,10096,No,17,36,Female
84,No,Research & Development,Manager,14756,Yes,5,55,Female
85,No,Research & Development,Manufacturing Director,6499,No,6,36,Male
86,No,Research & Development,Research Scientist,9724,No,1,45,Male
88,No,Research & Development,Research Scientist,2194,No,3,35,Male
90,Yes,Research & Development,Research Scientist,3388,Yes,1,36,Male
91,No,Sales,Sales Executive,5473,No,4,59,Female
94,No,Research & Development,Research Scientist,2703,No,5,29,Male
95,No,Research & Development,Research Scientist,2501,No,1,31,Male
96,No,Research & Development,Research Scientist,6220,No,10,32,Male
97,No,Research & Development,Laboratory Technician,3038,No,1,36,Female
98,No,Research & Development,Manufacturing Director,4424,No,11,31,Female
100,No,Sales,Sales Executive,4312,No,15,35,Male
101,No,Research & Development,Research Director,13245,Yes,0,45,Male
102,No,Research & Development,Research Director,13664,No,5,37,Male
103,No,Human Resources,Human Resources,5021,Yes,4,46,Male
104,No,Research & Development,Laboratory Technician,5126,Yes,10,30,Male
105,No,Research & Development,Research Scientist,2859,No,6,35,Male
106,No,Sales,Sales Executive,10239,No,1,55,Male
107,No,Research & Development,Research Scientist,5329,Yes,13,38,Female
110,No,Research & Development,Manufacturing Director,4325,No,5,34,Male
112,No,Research & Development,Manufacturing Director,7260,No,6,56,Male
113,No,Sales,Sales Representative,2322,No,0,23,Male
116,No,Research & Development,Laboratory Technician,2075,No,4,51,Male
117,No,Research & Development,Healthcare Representative,4152,No,11,30,Male
118,Yes,Sales,Sales Executive,9619,No,9,46,Male
119,No,Research & Development,Healthcare Representative,13503,No,22,40,Male
120,No,Sales,Sales Executive,5441,Yes,10,51,Male
121,No,Sales,Sales Executive,5209,Yes,11,30,Female
124,No,Research & Development,Healthcare Representative,10673,Yes,10,46,Male
125,No,Sales,Sales Executive,5010,No,11,32,Male
126,No,Research & Development,Research Director,13549,No,4,54,Female
128,No,Sales,Sales Executive,4999,No,3,24,Female
129,No,Sales,Sales Executive,4221,No,5,28,Male
131,No,Sales,Sales Executive,13872,No,37,58,Male
132,No,Research & Development,Laboratory Technician,2042,No,3,44,Male
133,Yes,Human Resources,Human Resources,2073,Yes,3,37,Male
134,No,Research & Development,Research Scientist,2956,No,1,32,Male
137,Yes,Research & Development,Laboratory Technician,2926,Yes,1,20,Female
138,No,Research & Development,Research Scientist,4809,No,16,34,Female
139,No,Research & Development,Healthcare Representative,5163,No,1,37,Male
140,No,Human Resources,Manager,18844,No,3,59,Female
141,No,Research & Development,Research Director,18172,Yes,8,50,Female
142,Yes,Sales,Sales Executive,5744,Yes,6,25,Male
143,No,Research & Development,Research Scientist,2889,No,2,25,Male
144,No,Research & Development,Laboratory Technician,2871,No,0,22,Female
145,No,Research & Development,Healthcare Representative,7484,No,13,51,Female
147,Yes,Research & Development,Laboratory Technician,6074,Yes,9,34,Male
148,No,Human Resources,Manager,17328,Yes,5,54,Female
150,No,Research & Development,Laboratory Technician,2774,No,5,24,Male
151,No,Research & Development,Research Scientist,4505,No,1,34,Female
152,No,Sales,Sales Executive,7428,No,5,37,Male
153,No,Research & Development,Manager,11631,No,11,34,Female
154,No,Sales,Sales Executive,9738,No,9,36,Female
155,No,Research & Development,Laboratory Technician,2835,No,1,36,Female
158,No,Sales,Manager,16959,Yes,25,43,Male
159,No,Research & Development,Research Scientist,2613,No,10,30,Male
160,No,Sales,Sales Executive,6146,No,7,33,Male
161,Yes,Research & Development,Research Scientist,4963,Yes,5,56,Female
162,No,Research & Development,Research Director,19537,No,20,51,Male
163,Yes,Sales,Sales Executive,6172,Yes,7,31,Male
164,No,Research & Development,Research Scientist,2368,No,5,26,Female
165,Yes,Research & Development,Healthcare Representative,10312,No,40,58,Female
167,Yes,Sales,Sales Representative,1675,Yes,0,19,Male
169,No,Research & Development,Laboratory Technician,2523,No,2,22,Male
170,No,Research & Development,Manufacturing Director,6567,No,15,49,Female
171,No,Research & Development,Research Scientist,4739,No,3,43,Female
174,No,Sales,Sales Executive,9208,No,2,50,Female
175,Yes,Sales,Sales Executive,4559,Yes,2,31,Female
176,No,Sales,Sales Executive,8189,Yes,9,41,Male
177,No,Human Resources,Human Resources,2942,No,8,26,Female
178,No,Research & Development,Manufacturing Director,4941,No,3,36,Male
179,Yes,Research & Development,Manufacturing Director,10650,No,4,51,Male
182,No,Sales,Sales Executive,5902,No,15,39,Female
183,No,Sales,Sales Executive,8639,No,2,25,Male
184,No,Human Resources,Human Resources,6347,Yes,11,30,Male
190,Yes,Research & Development,Laboratory Technician,4200,No,5,32,Female
192,No,Research & Development,Research Scientist,3452,No,6,45,Male
193,No,Research & Development,Research Scientist,4317,Yes,3,38,Female
194,No,Research & Development,Research Scientist,2632,No,5,30,Female
195,No,Sales,Sales Executive,4668,No,8,32,Male
197,No,Research & Development,Research Scientist,3204,No,3,30,Female
198,No,Research & Development,Laboratory Technician,2720,No,5,30,Male
199,No,Research & Development,Manager,17181,No,7,41,Male
200,No,Research & Development,Laboratory Technician,2238,No,5,41,Male
201,No,Research & Development,Laboratory Technician,1483,No,1,19,Female
202,No,Research & Development,Research Scientist,5605,No,20,40,Female
204,No,Sales,Sales Executive,7295,No,10,35,Male
205,No,Sales,Sales Representative,2306,Yes,7,53,Male
206,No,Research & Development,Laboratory Technician,2348,No,17,45,Male
207,No,Sales,Sales Executive,8998,No,9,32,Female
208,No,Research & Development,Manufacturing Director,4319,No,10,29,Male
211,No,Research & Development,Manufacturing Director,6132,No,1,51,Male
214,No,Research & Development,Research Scientist,3346,Yes,1,58,Female
215,No,Sales,Sales Executive,10855,No,12,40,Male
216,No,Sales,Sales Representative,2231,No,4,34,Female
217,No,Research & Development,Research Scientist,2323,No,2,22,Male
218,No,Research & Development,Research Scientist,2024,No,2,27,Male
221,No,Research & Development,Research Scientist,2713,No,5,28,Male
223,No,Research & Development,Healthcare Representative,9439,Yes,5,57,Male
224,No,Research & Development,Research Scientist,2566,Yes,1,27,Male
226,No,Research & Development,Manager,19926,No,5,50,Female
227,No,Research & Development,Research Scientist,2451,No,9,41,Male
228,No,Sales,Sales Executive,9419,No,10,30,Female
230,No,Sales,Sales Executive,8686,No,8,38,Female
231,No,Research & Development,Research Scientist,3038,No,5,32,Male
233,No,Research & Development,Research Scientist,3058,Yes,5,27,Male
235,Yes,Sales,Sales Representative,2325,No,0,19,Female
238,No,Research & Development,Laboratory Technician,2088,No,8,36,Male
239,No,Research & Development,Laboratory Technician,3072,No,12,30,Male
240,No,Sales,Sales Executive,5006,Yes,5,45,Female
241,No,Research & Development,Research Scientist,4257,Yes,2,56,Female
242,No,Research & Development,Research Scientist,2500,No,3,33,Male
243,Yes,Research & Development,Laboratory Technician,1102,No,1,19,Male
244,No,Sales,Sales Executive,10453,No,24,46,Female
245,No,Research & Development,Laboratory Technician,2288,No,2,38,Female
246,No,Research & Development,Research Scientist,3929,Yes,4,31,Female
247,No,Research & Development,Research Scientist,2311,No,3,34,Female
248,Yes,Sales,Sales Representative,3140,Yes,4,41,Female
249,No,Research & Development,Laboratory Technician,3690,No,3,50,Male
250,No,Research & Development,Manufacturing Director,4450,No,4,53,Female
252,No,Research & Development,Research Scientist,2756,No,8,33,Female
253,No,Research & Development,Manager,19033,No,20,40,Female
254,No,Research & Development,Research Director,18722,No,24,55,Male
327,No,Sales,Manager,16064,Yes,17,43,Female
256,No,Research & Development,Manufacturing Director,9547,No,10,34,Male
258,No,Research & Development,Healthcare Representative,13734,No,7,51,Female
259,No,Research & Development,Manager,19999,No,33,52,Male
260,No,Research & Development,Research Scientist,2279,No,7,27,Female
261,Yes,Research & Development,Manufacturing Director,5916,Yes,1,35,Male
262,No,Research & Development,Research Scientist,2089,No,5,43,Male
264,No,Research & Development,Manager,16792,No,20,45,Male
267,No,Research & Development,Research Scientist,3564,Yes,8,37,Male
269,No,Research & Development,Laboratory Technician,4425,No,6,35,Female
270,No,Research & Development,Manufacturing Director,5265,No,5,42,Female
271,No,Research & Development,Manufacturing Director,6553,No,1,38,Male
273,No,Research & Development,Manufacturing Director,6261,No,7,38,Male
274,No,Research & Development,Manufacturing Director,4298,No,2,27,Male
275,No,Research & Development,Manufacturing Director,6804,Yes,7,49,Male
277,No,Research & Development,Research Scientist,3815,Yes,5,34,Male
281,No,Research & Development,Laboratory Technician,2741,Yes,7,40,Male
282,Yes,Research & Development,Healthcare Representative,6673,Yes,1,38,Male
283,Yes,Sales,Sales Executive,7639,No,10,29,Female
284,No,Research & Development,Research Scientist,2328,Yes,4,22,Male
286,No,Research & Development,Laboratory Technician,2153,No,8,36,Female
287,No,Research & Development,Healthcare Representative,4876,No,3,40,Male
288,No,Research & Development,Healthcare Representative,9396,No,4,46,Male
291,Yes,Sales,Sales Executive,10400,No,14,32,Male
292,No,Research & Development,Manufacturing Director,8474,No,11,30,Male
293,No,Sales,Sales Executive,9981,No,7,27,Female
296,No,Research & Development,Research Director,12490,No,10,51,Male
297,Yes,Research & Development,Research Scientist,2657,Yes,5,30,Female
298,No,Sales,Manager,13591,Yes,1,41,Female
299,Yes,Sales,Sales Executive,6696,No,6,30,Female
300,Yes,Research & Development,Research Scientist,2058,No,6,29,Male
302,No,Sales,Sales Executive,8865,No,19,45,Female
303,No,Sales,Sales Executive,5940,No,6,54,Female
304,No,Research & Development,Laboratory Technician,5914,No,13,36,Male
305,No,Research & Development,Research Scientist,2622,No,3,33,Female
306,No,Research & Development,Research Director,12185,Yes,10,37,Male
307,No,Sales,Sales Executive,10609,No,16,38,Male
308,No,Research & Development,Manufacturing Director,4345,No,5,31,Male
309,No,Research & Development,Research Scientist,2177,No,1,59,Male
311,No,Sales,Sales Representative,2793,No,9,37,Male
312,No,Sales,Sales Executive,7918,No,11,29,Female
314,No,Sales,Sales Executive,8789,No,10,35,Female
315,Yes,Research & Development,Research Scientist,2389,Yes,4,29,Male
316,No,Research & Development,Laboratory Technician,3212,No,2,52,Female
319,No,Research & Development,Manager,19232,No,22,42,Male
321,No,Human Resources,Human Resources,2267,No,2,59,Male
323,No,Sales,Manager,19517,No,7,50,Female
325,Yes,Research & Development,Laboratory Technician,2436,Yes,5,33,Male
328,Yes,Research & Development,Laboratory Technician,2707,No,9,33,Female
329,No,Sales,Manager,19068,Yes,33,52,Male
330,No,Sales,Sales Representative,3931,No,4,32,Female
331,Yes,Research & Development,Laboratory Technician,3730,Yes,3,32,Male
332,No,Research & Development,Laboratory Technician,2232,No,3,39,Female
333,No,Sales,Sales Executive,4465,No,3,32,Male
334,No,Research & Development,Research Scientist,3072,No,1,41,Male
335,No,Research & Development,Research Scientist,3319,No,9,40,Male
336,No,Research & Development,Manager,19202,No,24,45,Male
337,No,Research & Development,Research Director,13675,No,2,31,Male
338,No,Research & Development,Research Scientist,2911,No,2,33,Female
339,No,Research & Development,Manufacturing Director,5957,No,11,34,Male
340,No,Research & Development,Research Scientist,3920,No,3,37,Female
341,No,Research & Development,Manufacturing Director,6434,No,3,45,Male
342,Yes,Research & Development,Manufacturing Director,10048,No,1,37,Male
343,No,Research & Development,Healthcare Representative,10938,No,19,39,Female
346,No,Research & Development,Research Scientist,2340,No,6,29,Male
347,No,Research & Development,Research Scientist,6545,Yes,3,42,Female
349,No,Sales,Sales Executive,6931,No,3,29,Male
350,No,Research & Development,Manufacturing Director,4898,No,4,25,Female
351,No,Research & Development,Laboratory Technician,2593,Yes,9,42,Female
352,No,Research & Development,Research Director,19436,No,21,40,Male
353,No,Research & Development,Research Scientist,2723,No,1,51,Male
355,Yes,Research & Development,Laboratory Technician,3479,No,5,31,Male
359,No,Research & Development,Laboratory Technician,2794,No,5,32,Male
361,No,Sales,Sales Executive,5249,No,8,38,Male
362,No,Research & Development,Laboratory Technician,2176,No,6,32,Male
363,No,Sales,Manager,16872,Yes,7,46,Female
364,Yes,Research & Development,Laboratory Technician,3485,No,0,28,Male
366,No,Sales,Sales Executive,6644,No,0,29,Male
367,No,Research & Development,Healthcare Representative,5582,No,9,31,Male
369,No,Research & Development,Healthcare Representative,4000,No,6,25,Male
372,No,Research & Development,Healthcare Representative,13496,Yes,20,45,Male
373,No,Research & Development,Laboratory Technician,3210,No,15,36,Male
374,No,Research & Development,Manager,19045,Yes,36,55,Male
376,Yes,Research & Development,Manager,11849,Yes,10,47,Male
377,No,Research & Development,Research Scientist,2070,No,5,28,Male
378,No,Sales,Sales Executive,6502,No,5,37,Male
379,No,Research & Development,Research Scientist,3230,No,3,21,Male
380,No,Research & Development,Research Director,13603,Yes,5,37,Female
381,No,Research & Development,Manager,11996,No,7,35,Female
382,No,Sales,Sales Executive,5605,Yes,8,38,Female
384,No,Research & Development,Manufacturing Director,6397,No,6,26,Female
385,No,Research & Development,Research Director,19144,No,10,50,Male
386,No,Research & Development,Research Director,17584,Yes,5,53,Male
387,No,Sales,Sales Executive,4907,No,20,42,Male
388,No,Sales,Sales Executive,4554,No,10,29,Male
389,No,Research & Development,Laboratory Technician,5415,Yes,10,55,Male
390,No,Research & Development,Healthcare Representative,4741,Yes,5,26,Male
391,No,Research & Development,Research Scientist,2115,No,17,37,Female
392,Yes,Research & Development,Laboratory Technician,3161,Yes,1,44,Male
393,No,Research & Development,Healthcare Representative,5745,No,2,38,Male
394,Yes,Research & Development,Laboratory Technician,2373,Yes,3,26,Male
395,No,Research & Development,Research Scientist,3310,No,5,28,Female
396,No,Research & Development,Research Director,18665,Yes,3,49,Female
397,No,Research & Development,Research Scientist,4485,No,8,36,Male
399,No,Sales,Sales Representative,2789,No,2,31,Female
401,Yes,Sales,Sales Executive,5828,Yes,8,26,Male
403,No,Research & Development,Research Scientist,2326,Yes,4,37,Male
404,No,Sales,Sales Executive,13525,No,20,42,Female
405,Yes,Research & Development,Laboratory Technician,1420,No,0,18,Male
406,No,Sales,Sales Executive,8020,No,11,35,Male
407,No,Research & Development,Laboratory Technician,3688,No,1,36,Male
408,No,Research & Development,Manufacturing Director,5482,No,4,51,Male
410,No,Sales,Manager,16015,No,22,41,Male
411,No,Sales,Sales Representative,1200,No,0,18,Female
412,No,Research & Development,Healthcare Representative,5661,No,8,28,Male
416,No,Sales,Sales Executive,6929,No,8,31,Male
417,No,Research & Development,Healthcare Representative,9613,No,18,39,Male
419,No,Research & Development,Laboratory Technician,5674,No,9,36,Female
420,No,Sales,Sales Executive,5484,No,13,32,Male
421,No,Research & Development,Research Director,12061,No,10,38,Female
422,No,Research & Development,Healthcare Representative,5660,Yes,5,58,Male
423,No,Research & Development,Research Scientist,4821,Yes,5,31,Male
424,No,Human Resources,Human Resources,6410,No,2,31,Male
425,No,Research & Development,Laboratory Technician,5210,No,24,45,Male
426,No,Research & Development,Research Scientist,2695,Yes,2,31,Male
428,No,Research & Development,Manager,11878,No,10,33,Female
429,No,Research & Development,Manager,17068,Yes,21,39,Male
430,No,Research & Development,Laboratory Technician,2455,No,8,43,Female
431,No,Research & Development,Healthcare Representative,13964,Yes,7,49,Female
433,Yes,Research & Development,Research Scientist,4941,No,8,52,Male
434,No,Research & Development,Research Scientist,2478,Yes,4,27,Female
436,No,Sales,Sales Executive,5228,Yes,13,32,Female
437,No,Sales,Sales Executive,4478,Yes,5,27,Male
438,No,Sales,Sales Executive,7547,No,7,31,Male
439,No,Research & Development,Research Scientist,5055,No,7,32,Female
440,Yes,Research & Development,Research Scientist,3464,Yes,3,28,Male
441,No,Research & Development,Research Scientist,5775,No,10,30,Female
442,No,Research & Development,Manufacturing Director,8943,No,10,31,Female
444,No,Research & Development,Manager,19272,No,21,39,Male
445,Yes,Sales,Sales Executive,5238,Yes,1,39,Female
446,No,Sales,Sales Executive,4682,No,7,33,Male
447,No,Research & Development,Research Director,18300,No,3,47,Male
448,No,Research & Development,Laboratory Technician,5257,No,9,43,Female
449,No,Sales,Sales Executive,6349,Yes,5,27,Male
450,No,Research & Development,Research Scientist,4869,No,4,54,Female
451,No,Research & Development,Healthcare Representative,9985,No,1,43,Female
452,No,Research & Development,Research Scientist,3697,No,10,45,Male
453,No,Sales,Sales Executive,7457,Yes,4,40,Male
454,Yes,Research & Development,Laboratory Technician,2119,Yes,7,29,Male
455,No,Research & Development,Laboratory Technician,3983,No,3,29,Male
456,No,Sales,Sales Executive,6118,No,10,30,Female
458,No,Sales,Sales Executive,6214,No,8,27,Female
460,No,Research & Development,Manufacturing Director,6347,No,6,37,Male
461,No,Research & Development,Research Director,11510,Yes,11,38,Male
462,No,Research & Development,Manufacturing Director,7143,Yes,11,31,Female
463,No,Sales,Sales Executive,8268,Yes,7,29,Female
464,No,Research & Development,Manufacturing Director,8095,No,16,35,Male
465,No,Research & Development,Research Scientist,2904,No,4,23,Male
466,No,Research & Development,Manufacturing Director,6032,Yes,5,41,Male
467,No,Sales,Sales Representative,2976,No,0,47,Male
468,No,Research & Development,Research Director,15992,No,1,42,Female
469,No,Sales,Sales Executive,4649,No,4,29,Male
470,No,Human Resources,Human Resources,2696,Yes,3,42,Male
471,No,Research & Development,Laboratory Technician,2370,No,8,32,Female
473,No,Sales,Manager,12504,No,0,48,Female
474,No,Research & Development,Research Scientist,5974,Yes,7,37,Male
475,No,Sales,Sales Executive,4736,Yes,2,30,Female
476,No,Sales,Sales Executive,5296,No,8,26,Male
477,No,Research & Development,Healthcare Representative,6781,No,1,42,Male
478,Yes,Sales,Sales Representative,2174,Yes,3,21,Female
479,No,Sales,Sales Executive,6653,No,1,36,Female
481,No,Sales,Sales Executive,9699,No,13,36,Male
482,No,Research & Development,Healthcare Representative,6755,No,3,57,Male
483,No,Research & Development,Laboratory Technician,2213,Yes,7,40,Female
484,No,Sales,Sales Representative,2610,No,3,21,Male
485,Yes,Sales,Sales Representative,2851,Yes,1,33,Female
486,No,Research & Development,Laboratory Technician,3452,No,5,37,Female
487,No,Research & Development,Manufacturing Director,5258,No,1,46,Female
488,Yes,Sales,Sales Executive,9355,No,8,41,Male
491,No,Research & Development,Healthcare Representative,10496,No,4,50,Male
492,Yes,Sales,Sales Executive,6380,Yes,6,40,Male
493,No,Research & Development,Research Scientist,2657,Yes,2,31,Male
494,Yes,Sales,Sales Representative,2716,No,1,21,Female
495,No,Research & Development,Research Scientist,2201,No,3,29,Male
496,No,Research & Development,Healthcare Representative,6540,No,1,35,Male
497,No,Research & Development,Laboratory Technician,3816,No,5,27,Male
498,No,Sales,Sales Executive,5253,No,7,28,Male
499,No,Research & Development,Healthcare Representative,10965,No,5,49,Male
500,No,Sales,Sales Executive,4936,No,7,51,Female
501,No,Research & Development,Research Scientist,2543,No,2,36,Female
502,Yes,Sales,Sales Executive,5304,Yes,5,34,Male
505,No,Research & Development,Manager,16659,Yes,5,55,Female
507,No,Sales,Sales Executive,4260,Yes,5,24,Female
508,No,Sales,Sales Representative,2476,No,1,30,Male
510,Yes,Research & Development,Research Scientist,3102,No,6,26,Male
511,No,Research & Development,Research Scientist,2244,No,2,22,Female
513,No,Sales,Sales Executive,7596,No,10,36,Male
514,Yes,Research & Development,Research Scientist,2285,Yes,1,30,Male
515,No,Research & Development,Laboratory Technician,3034,No,18,37,Female
516,No,Sales,Sales Executive,5715,No,5,40,Female
517,No,Research & Development,Laboratory Technician,2576,No,5,42,Female
518,No,Research & Development,Manufacturing Director,4197,Yes,1,37,Male
520,No,Research & Development,Research Director,14336,No,25,43,Male
521,No,Research & Development,Laboratory Technician,3448,No,1,40,Female
522,No,Research & Development,Research Director,19406,No,4,54,Male
523,No,Sales,Sales Executive,6538,No,3,34,Female
524,No,Research & Development,Manufacturing Director,4306,No,13,31,Female
525,No,Research & Development,Laboratory Technician,2258,No,3,43,Male
526,No,Research & Development,Healthcare Representative,4522,Yes,5,43,Female
527,No,Sales,Sales Executive,4487,Yes,5,25,Female
529,No,Research & Development,Research Scientist,4449,Yes,13,37,Female
530,No,Research & Development,Laboratory Technician,2218,No,4,31,Male
531,No,Research & Development,Manager,19197,Yes,21,39,Male
532,No,Sales,Sales Executive,13212,No,7,56,Female
533,No,Sales,Sales Executive,6577,No,5,30,Female
534,No,Sales,Sales Executive,8392,No,10,41,Male
536,No,Research & Development,Laboratory Technician,4558,No,10,28,Male
538,Yes,Research & Development,Laboratory Technician,4031,No,2,25,Male
543,No,Research & Development,Manufacturing Director,7969,Yes,5,52,Male
544,No,Research & Development,Research Scientist,2654,No,2,45,Male
546,No,Research & Development,Manager,16555,No,5,52,Female
547,No,Research & Development,Research Scientist,4556,No,5,42,Female
548,No,Research & Development,Manufacturing Director,6091,No,5,30,Female
549,No,Research & Development,Manager,19566,No,29,60,Female
550,No,Research & Development,Manufacturing Director,4810,No,10,46,Female
551,No,Research & Development,Healthcare Representative,4523,No,6,42,Female
554,Yes,Sales,Sales Representative,3202,Yes,5,24,Female
555,Yes,Sales,Sales Representative,2351,No,2,34,Female
556,No,Research & Development,Laboratory Technician,1702,Yes,1,38,Male
558,No,Sales,Manager,18041,No,20,40,Female
560,No,Research & Development,Research Scientist,2886,No,3,26,Female
562,No,Research & Development,Laboratory Technician,2097,No,5,30,Male
564,No,Research & Development,Research Director,11935,No,10,29,Male
565,Yes,Research & Development,Research Scientist,2546,No,2,29,Female
566,Yes,Human Resources,Human Resources,2564,No,1,19,Male
567,No,Sales,Sales Executive,8412,No,9,30,Female
568,No,Sales,Manager,14118,No,1,57,Male
569,No,Research & Development,Manager,17046,No,27,50,Male
571,No,Research & Development,Laboratory Technician,2564,No,11,30,Female
573,No,Sales,Sales Executive,10266,No,18,60,Female
574,No,Research & Development,Manufacturing Director,5070,No,5,47,Female
575,No,Research & Development,Research Director,17861,No,3,46,Male
577,No,Research & Development,Laboratory Technician,4230,No,5,35,Male
578,No,Research & Development,Laboratory Technician,3780,No,1,54,Female
579,No,Research & Development,Research Scientist,2768,No,7,34,Male
580,No,Sales,Sales Executive,9071,Yes,3,46,Female
581,No,Research & Development,Manufacturing Director,10648,No,13,31,Male
582,Yes,Research & Development,Manager,13610,Yes,7,33,Male
584,Yes,Research & Development,Laboratory Technician,3408,No,4,33,Male
585,No,Sales,Sales Representative,2983,No,3,30,Male
586,No,Research & Development,Healthcare Representative,7632,Yes,8,35,Male
587,Yes,Research & Development,Healthcare Representative,9824,No,1,31,Male
590,Yes,Human Resources,Human Resources,9950,Yes,3,34,Female
591,No,Research & Development,Laboratory Technician,2093,No,2,42,Male
592,No,Sales,Sales Executive,9980,No,10,36,Male
593,Yes,Research & Development,Laboratory Technician,3894,No,2,22,Male
595,No,Sales,Sales Executive,4051,No,9,48,Female
597,No,Sales,Manager,16835,No,10,55,Female
599,No,Sales,Sales Executive,6230,No,14,41,Male
600,No,Sales,Sales Executive,4717,No,11,35,Male
601,No,Research & Development,Manufacturing Director,13237,No,20,40,Female
602,No,Research & Development,Laboratory Technician,3755,No,8,39,Female
604,No,Sales,Sales Executive,6582,Yes,6,31,Male
605,No,Research & Development,Manufacturing Director,7406,Yes,10,42,Male
606,No,Sales,Sales Executive,4805,No,8,45,Male
608,Yes,Human Resources,Human Resources,2741,Yes,7,26,Female
611,No,Research & Development,Manufacturing Director,4262,No,3,29,Male
612,No,Research & Development,Research Director,16184,No,6,33,Female
613,No,Sales,Manager,11557,No,5,31,Male
614,Yes,Sales,Sales Representative,1878,Yes,0,18,Male
615,No,Sales,Sales Executive,10932,No,1,40,Male
616,No,Research & Development,Healthcare Representative,6811,Yes,8,41,Female
618,No,Sales,Sales Executive,4306,No,0,26,Male
620,No,Sales,Sales Executive,4859,No,5,35,Female
621,No,Sales,Sales Executive,5337,No,10,34,Male
622,Yes,Research & Development,Laboratory Technician,2340,Yes,1,26,Male
623,No,Research & Development,Manufacturing Director,7491,No,6,37,Female
624,No,Research & Development,Healthcare Representative,10527,No,2,46,Female
625,No,Sales,Manager,16595,No,18,41,Female
626,No,Sales,Sales Executive,8834,No,9,37,Male
630,No,Research & Development,Research Scientist,5577,Yes,10,52,Male
631,Yes,Sales,Sales Executive,4707,No,4,32,Male
632,No,Sales,Sales Representative,2400,No,2,24,Male
634,No,Research & Development,Healthcare Representative,9824,No,1,38,Female
635,No,Research & Development,Manufacturing Director,6447,No,6,37,Female
638,No,Research & Development,Research Director,19502,Yes,31,49,Male
639,No,Research & Development,Research Scientist,2725,Yes,6,24,Male
641,No,Sales,Sales Executive,6272,No,5,26,Male
643,No,Research & Development,Laboratory Technician,2127,No,1,24,Male
644,No,Human Resources,Manager,18200,No,32,50,Male
645,No,Sales,Sales Representative,2096,No,7,25,Male
647,Yes,Research & Development,Laboratory Technician,2886,Yes,6,24,Female
648,Yes,Sales,Sales Representative,2033,No,1,30,Male
649,No,Research & Development,Research Scientist,3622,Yes,6,34,Male
650,Yes,Sales,Sales Executive,4233,No,3,31,Male
652,No,Research & Development,Laboratory Technician,3681,No,3,35,Male
653,No,Sales,Sales Executive,5460,No,7,31,Male
655,No,Research & Development,Research Scientist,2187,No,5,27,Female
656,No,Sales,Sales Executive,9602,Yes,3,37,Male
657,No,Research & Development,Research Scientist,2836,No,1,20,Female
659,No,Research & Development,Healthcare Representative,4089,No,10,42,Female
661,No,Research & Development,Research Director,16627,Yes,1,43,Male
662,No,Research & Development,Research Scientist,2619,No,0,38,Female
663,No,Research & Development,Laboratory Technician,5679,Yes,8,43,Male
664,No,Research & Development,Manager,15402,No,3,48,Female
665,No,Human Resources,Human Resources,5985,No,2,44,Female
666,No,Sales,Sales Representative,2579,Yes,8,34,Female
667,Yes,Sales,Sales Representative,3041,No,4,27,Male
669,No,Sales,Sales Representative,3447,No,3,21,Male
671,No,Research & Development,Manager,19513,Yes,2,44,Male
675,No,Research & Development,Research Scientist,2773,No,2,22,Male
677,No,Sales,Sales Executive,7104,No,5,33,Male
679,No,Research & Development,Research Scientist,6322,Yes,6,32,Female
680,No,Research & Development,Research Scientist,2083,No,1,30,Female
682,No,Sales,Sales Executive,8381,No,14,53,Female
683,No,Research & Development,Research Scientist,2691,No,10,34,Male
684,Yes,Sales,Sales Executive,4286,No,1,45,Female
686,No,Research & Development,Laboratory Technician,2659,Yes,3,26,Female
689,No,Research & Development,Manufacturing Director,9434,No,10,37,Male
690,No,Sales,Sales Executive,5561,No,6,29,Female
691,No,Research & Development,Research Scientist,6646,No,17,35,Male
692,No,Research & Development,Healthcare Representative,7725,No,13,33,Male
698,No,Human Resources,Human Resources,10725,No,9,54,Male
699,No,Research & Development,Manufacturing Director,8847,Yes,3,36,Male
700,No,Research & Development,Research Scientist,2045,No,4,27,Male
701,Yes,Research & Development,Research Scientist,1009,Yes,1,20,Male
702,Yes,Research & Development,Research Scientist,3348,Yes,10,33,Male
704,No,Research & Development,Laboratory Technician,1281,No,1,35,Male
705,No,Research & Development,Research Scientist,2819,No,3,23,Male
707,No,Sales,Sales Executive,4851,No,3,25,Male
709,No,Sales,Sales Executive,4028,No,7,38,Female
710,No,Research & Development,Research Scientist,2720,No,10,29,Male
712,No,Sales,Sales Executive,8120,No,2,48,Male
714,No,Sales,Sales Executive,4647,Yes,6,27,Female
715,No,Research & Development,Research Scientist,4680,No,1,37,Male
716,No,Research & Development,Laboratory Technician,3221,Yes,20,50,Male
717,No,Research & Development,Healthcare Representative,8621,No,8,34,Female
720,Yes,Sales,Sales Executive,4577,No,2,24,Female
721,No,Research & Development,Healthcare Representative,4553,No,20,39,Female
722,No,Sales,Sales Executive,5396,No,10,32,Male
723,Yes,Sales,Sales Executive,6796,Yes,4,50,Male
724,No,Research & Development,Healthcare Representative,7625,No,9,38,Female
725,No,Research & Development,Manufacturing Director,7412,No,9,27,Female
727,No,Research & Development,Research Director,11159,No,7,32,Female
728,No,Sales,Sales Executive,4960,No,7,47,Male
729,No,Sales,Sales Executive,10475,Yes,18,40,Male
730,No,Research & Development,Research Director,14814,No,5,53,Male
731,No,Human Resources,Manager,19141,No,21,41,Male
732,No,Sales,Sales Executive,5405,No,2,60,Male
733,No,Research & Development,Manufacturing Director,8793,No,9,27,Male
734,No,Human Resources,Manager,19189,No,22,41,Male
738,No,Sales,Sales Representative,3875,No,2,50,Male
741,Yes,Research & Development,Research Scientist,2216,Yes,7,28,Female
742,No,Research & Development,Research Director,11713,No,8,36,Female
743,No,Research & Development,Manufacturing Director,7861,Yes,1,38,Female
744,No,Research & Development,Laboratory Technician,3708,No,5,44,Male
746,No,Sales,Sales Executive,13770,Yes,22,47,Female
747,No,Sales,Sales Executive,5304,No,8,30,Male
749,No,Sales,Sales Representative,2642,No,1,29,Male
752,Yes,Research & Development,Research Scientist,2759,Yes,2,42,Male
754,No,Sales,Sales Executive,6804,No,2,43,Male
757,No,Research & Development,Healthcare Representative,6142,No,5,34,Female
758,No,Research & Development,Laboratory Technician,2500,No,4,23,Male
760,No,Human Resources,Human Resources,6389,No,8,39,Female
762,No,Research & Development,Healthcare Representative,11103,No,10,56,Male
763,No,Research & Development,Research Scientist,2342,Yes,4,40,Female
764,No,Research & Development,Healthcare Representative,6811,No,7,27,Female
766,No,Sales,Sales Representative,2297,No,2,29,Male
769,No,Research & Development,Laboratory Technician,2450,No,2,53,Male
771,No,Research & Development,Healthcare Representative,5093,No,1,35,Female
772,No,Research & Development,Laboratory Technician,5309,No,10,32,Male
773,No,Research & Development,Research Scientist,3057,Yes,1,38,Male
775,No,Research & Development,Manufacturing Director,5121,No,0,34,Female
776,No,Sales,Manager,16856,No,34,52,Male
780,Yes,Research & Development,Research Scientist,2686,Yes,10,33,Male
781,No,Sales,Sales Executive,6180,No,6,25,Female
783,No,Sales,Sales Representative,6632,No,8,45,Male
784,No,Research & Development,Research Scientist,3505,No,2,23,Male
785,Yes,Sales,Sales Executive,6397,Yes,5,47,Female
786,No,Sales,Sales Executive,6274,No,6,34,Male
787,Yes,Research & Development,Manager,19859,Yes,5,55,Male
789,No,Sales,Sales Executive,7587,No,10,36,Male
791,No,Research & Development,Research Scientist,4258,No,4,52,Male
792,No,Research & Development,Laboratory Technician,4364,No,2,26,Female
793,No,Research & Development,Healthcare Representative,4335,No,8,29,Female
796,Yes,Sales,Sales Executive,5326,No,4,26,Male
797,No,Research & Development,Research Scientist,3280,No,4,34,Female
799,No,Research & Development,Manufacturing Director,5485,Yes,5,54,Female
800,No,Sales,Sales Executive,4342,No,4,27,Male
802,No,Research & Development,Research Scientist,2782,Yes,5,37,Female
803,No,Research & Development,Manufacturing Director,5980,Yes,15,38,Female
804,No,Research & Development,Research Scientist,4381,No,6,34,Female
805,No,Sales,Sales Representative,2572,No,3,35,Female
806,No,Research & Development,Laboratory Technician,3833,No,2,30,Male
807,No,Research & Development,Healthcare Representative,4244,No,8,40,Female
808,No,Sales,Sales Executive,6500,No,3,34,Female
809,No,Research & Development,Manager,18430,No,24,42,Male
811,Yes,Research & Development,Laboratory Technician,1601,Yes,0,23,Male
812,No,Research & Development,Laboratory Technician,2694,No,1,24,Male
813,No,Research & Development,Laboratory Technician,3149,No,5,52,Female
815,No,Research & Development,Research Director,17639,No,4,50,Male
816,Yes,Research & Development,Laboratory Technician,2319,Yes,1,29,Female
817,No,Research & Development,Research Director,11691,No,13,33,Male
819,Yes,Sales,Sales Executive,5324,No,3,33,Female
820,No,Research & Development,Manager,16752,Yes,26,47,Female
851,No,Sales,Manager,16307,No,20,51,Female
823,No,Research & Development,Manufacturing Director,5228,No,9,36,Female
824,No,Research & Development,Research Scientist,2700,No,10,29,Male
825,Yes,Research & Development,Research Director,19246,Yes,31,58,Male
826,No,Research & Development,Research Scientist,2506,No,2,35,Female
827,No,Research & Development,Manufacturing Director,6062,Yes,4,42,Female
828,Yes,Research & Development,Research Scientist,4382,No,2,28,Male
829,No,Human Resources,Human Resources,2143,No,5,36,Male
830,No,Research & Development,Manufacturing Director,6162,No,14,32,Female
832,No,Research & Development,Laboratory Technician,5094,No,1,40,Male
833,No,Research & Development,Manufacturing Director,6877,Yes,0,30,Female
834,No,Research & Development,Research Scientist,2274,No,1,45,Female
836,No,Research & Development,Manufacturing Director,4434,No,9,42,Male
837,No,Research & Development,Healthcare Representative,6288,No,4,38,Male
838,No,Research & Development,Research Scientist,2553,No,5,34,Female
840,Yes,Sales,Sales Executive,7654,No,9,49,Female
842,Yes,Sales,Sales Executive,5160,No,9,55,Male
843,No,Research & Development,Research Director,17159,No,4,43,Male
844,No,Research & Development,Research Director,12808,Yes,9,27,Male
845,No,Research & Development,Manufacturing Director,10221,No,8,35,Male
846,No,Sales,Sales Executive,4779,Yes,8,28,Female
847,No,Human Resources,Human Resources,3737,No,3,34,Male
848,Yes,Research & Development,Research Scientist,2366,Yes,8,26,Female
850,No,Research & Development,Research Scientist,1706,No,0,27,Male
852,No,Research & Development,Healthcare Representative,5933,No,5,44,Male
854,No,Research & Development,Research Scientist,3424,No,4,25,Male
855,No,Sales,Sales Executive,4037,No,9,33,Male
856,No,Research & Development,Research Scientist,2559,No,6,35,Female
857,No,Sales,Sales Executive,6201,Yes,18,36,Male
859,No,Sales,Sales Executive,4403,No,5,32,Male
861,No,Research & Development,Research Scientist,3761,No,5,30,Male
862,No,Sales,Sales Executive,10934,Yes,5,53,Female
864,No,Sales,Sales Executive,10761,Yes,5,45,Male
865,No,Research & Development,Research Scientist,5175,No,5,32,Female
867,No,Research & Development,Manufacturing Director,13826,No,9,52,Female
868,No,Sales,Sales Executive,6334,No,1,37,Male
869,No,Human Resources,Human Resources,4936,No,5,28,Male
872,No,Research & Development,Manufacturing Director,4775,No,2,22,Male
874,No,Research & Development,Laboratory Technician,2818,Yes,3,44,Male
875,No,Research & Development,Research Scientist,2515,Yes,2,42,Male
878,No,Human Resources,Human Resources,2342,No,5,36,Male
879,No,Sales,Sales Executive,4194,Yes,5,25,Male
880,No,Research & Development,Manufacturing Director,10685,Yes,17,35,Female
881,Yes,Research & Development,Research Scientist,2022,Yes,10,35,Female
882,No,Research & Development,Laboratory Technician,2314,No,3,32,Male
885,No,Sales,Sales Executive,4256,No,5,25,Male
887,No,Research & Development,Research Scientist,3580,No,4,49,Female
888,No,Research & Development,Laboratory Technician,3162,No,5,24,Male
889,No,Sales,Sales Executive,6524,No,10,32,Male
893,No,Sales,Sales Representative,2899,No,2,38,Male
894,No,Research & Development,Laboratory Technician,5231,Yes,5,42,Female
895,No,Research & Development,Research Scientist,2356,Yes,6,31,Male
896,Yes,Sales,Sales Representative,2800,Yes,3,29,Female
897,No,Sales,Sales Executive,11836,No,2,53,Male
899,No,Research & Development,Manufacturing Director,10903,No,13,35,Male
900,No,Sales,Sales Representative,2973,No,5,37,Female
901,No,Research & Development,Research Director,14275,No,12,53,Female
902,No,Research & Development,Healthcare Representative,5562,No,5,43,Female
903,No,Sales,Sales Executive,4537,Yes,7,47,Female
904,No,Sales,Sales Executive,7642,Yes,10,37,Male
905,No,Research & Development,Manager,17924,No,31,50,Male
909,No,Human Resources,Human Resources,5204,No,5,39,Female
910,No,Human Resources,Human Resources,2277,Yes,4,33,Male
911,Yes,Research & Development,Laboratory Technician,2795,Yes,1,32,Male
912,No,Research & Development,Laboratory Technician,2532,No,4,29,Female
913,No,Research & Development,Research Scientist,2559,Yes,8,44,Male
916,No,Sales,Sales Executive,4908,No,4,28,Male
918,Yes,Research & Development,Laboratory Technician,2380,Yes,1,58,Male
920,No,Research & Development,Manufacturing Director,4765,No,1,43,Female
922,Yes,Sales,Sales Representative,2044,No,2,20,Female
923,Yes,Research & Development,Research Scientist,2693,No,1,21,Female
924,No,Research & Development,Healthcare Representative,6586,Yes,16,36,Male
925,No,Sales,Sales Representative,3294,Yes,3,47,Female
926,Yes,Research & Development,Manufacturing Director,4171,Yes,3,22,Female
927,Yes,Research & Development,Laboratory Technician,2778,Yes,7,41,Female
930,No,Research & Development,Research Scientist,2377,No,2,28,Female
932,Yes,Research & Development,Laboratory Technician,2404,Yes,2,39,Male
933,No,Research & Development,Research Scientist,2318,No,1,27,Female
934,No,Research & Development,Laboratory Technician,2008,No,1,34,Male
936,No,Sales,Sales Executive,6244,No,5,42,Female
939,No,Research & Development,Research Scientist,2799,Yes,3,33,Male
940,No,Research & Development,Healthcare Representative,10552,Yes,6,58,Female
941,No,Sales,Sales Representative,2329,No,7,31,Male
942,No,Research & Development,Healthcare Representative,4014,Yes,10,35,Female
944,No,Research & Development,Laboratory Technician,7403,No,26,49,Female
945,No,Research & Development,Research Scientist,2259,No,0,48,Male
947,No,Sales,Sales Executive,6932,No,9,31,Female
949,No,Research & Development,Research Scientist,4678,No,6,36,Male
950,No,Research & Development,Research Director,13582,No,15,38,Female
951,No,Research & Development,Laboratory Technician,2332,No,3,32,Female
952,Yes,Sales,Sales Representative,2413,Yes,1,25,Male
954,No,Sales,Sales Executive,9705,No,1,40,Male
956,No,Sales,Sales Executive,4294,No,7,26,Male
957,No,Research & Development,Laboratory Technician,4721,Yes,18,41,Male
958,No,Research & Development,Laboratory Technician,2519,No,11,36,Male
959,Yes,Sales,Sales Representative,2121,Yes,1,19,Male
960,Yes,Research & Development,Laboratory Technician,2973,No,1,20,Male
961,No,Research & Development,Healthcare Representative,5855,Yes,9,31,Female
964,No,Research & Development,Research Scientist,3617,Yes,1,40,Male
966,No,Research & Development,Manufacturing Director,6725,No,8,32,Female
967,Yes,Sales,Sales Executive,10325,Yes,16,36,Male
969,No,Research & Development,Healthcare Representative,6949,No,5,33,Female
970,Yes,Sales,Sales Executive,10609,No,14,37,Male
972,No,Research & Development,Laboratory Technician,4447,No,9,45,Male
974,No,Sales,Sales Representative,2157,No,3,29,Female
975,No,Sales,Sales Executive,4601,No,5,35,Female
976,No,Research & Development,Manager,17099,No,9,52,Male
977,Yes,Research & Development,Research Scientist,2479,No,1,58,Male
981,No,Sales,Manager,14852,No,17,53,Male
982,No,Sales,Sales Executive,7264,No,8,30,Male
983,No,Sales,Sales Executive,5666,Yes,5,38,Female
984,No,Sales,Sales Executive,7823,No,10,35,Male
985,No,Sales,Sales Executive,7880,No,8,39,Male
986,Yes,Sales,Sales Executive,13194,Yes,1,40,Female
987,No,Research & Development,Manufacturing Director,5067,Yes,19,47,Male
990,No,Sales,Sales Executive,5079,No,7,36,Male
991,Yes,Research & Development,Research Scientist,2321,Yes,3,31,Male
992,No,Sales,Manager,17444,No,10,33,Male
994,Yes,Research & Development,Research Scientist,2404,Yes,0,29,Female
995,No,Research & Development,Research Scientist,3452,No,3,33,Female
996,No,Research & Development,Laboratory Technician,2270,No,5,45,Female
997,No,Research & Development,Research Director,17399,No,5,50,Male
998,No,Research & Development,Healthcare Representative,5488,Yes,6,33,Female
999,No,Research & Development,Research Director,19419,No,18,41,Male
1001,No,Research & Development,Laboratory Technician,2811,No,2,27,Female
1002,No,Research & Development,Laboratory Technician,3633,Yes,9,45,Male
1003,No,Sales,Sales Executive,4163,Yes,9,47,Female
1004,Yes,Research & Development,Research Scientist,2132,Yes,5,30,Female
1005,No,Research & Development,Manufacturing Director,13973,Yes,12,50,Male
1006,No,Research & Development,Research Scientist,2684,No,2,38,Male
1007,No,Research & Development,Manufacturing Director,10845,No,8,46,Male
1009,No,Research & Development,Manufacturing Director,4377,No,4,24,Female
1010,Yes,Research & Development,Laboratory Technician,3743,Yes,4,35,Male
1011,No,Research & Development,Manufacturing Director,4148,No,4,31,Female
1012,No,Research & Development,Research Scientist,1051,No,0,18,Male
1013,No,Research & Development,Manufacturing Director,10739,No,10,54,Female
1014,No,Research & Development,Healthcare Representative,10388,Yes,16,35,Female
1015,No,Research & Development,Research Director,11416,Yes,8,30,Female
1016,Yes,Research & Development,Research Scientist,2600,Yes,1,20,Female
1017,Yes,Research & Development,Laboratory Technician,2422,No,3,30,Female
1018,No,Research & Development,Manufacturing Director,5472,No,8,26,Male
1019,No,Research & Development,Laboratory Technician,2451,No,4,22,Male
1022,No,Research & Development,Healthcare Representative,4240,No,2,48,Male
1024,No,Research & Development,Healthcare Representative,10999,No,15,48,Male
1025,No,Research & Development,Manufacturing Director,5003,No,2,41,Female
1026,No,Research & Development,Manufacturing Director,12742,No,21,39,Female
1027,No,Research & Development,Manufacturing Director,4227,No,3,27,Female
1028,No,Research & Development,Laboratory Technician,3917,No,3,35,Male
1029,No,Sales,Manager,18303,No,1,42,Male
1030,No,Research & Development,Laboratory Technician,2380,No,1,50,Male
1032,No,Research & Development,Manufacturing Director,13726,Yes,5,59,Female
1033,Yes,Research & Development,Healthcare Representative,4777,No,1,37,Female
1034,No,Research & Development,Healthcare Representative,6385,Yes,8,55,Male
1035,No,Research & Development,Research Director,19973,No,21,41,Female
1036,No,Sales,Sales Executive,6861,Yes,1,38,Male
1037,Yes,Sales,Sales Executive,4969,No,2,26,Male
1038,Yes,Sales,Manager,19845,No,32,52,Female
1039,No,Sales,Sales Executive,13320,Yes,12,44,Female
1040,No,Sales,Sales Executive,6347,No,18,50,Female
1042,Yes,Research & Development,Laboratory Technician,2743,No,17,36,Female
1043,No,Research & Development,Manufacturing Director,10880,Yes,21,39,Female
1044,No,Sales,Sales Representative,2342,No,2,33,Female
1045,No,Sales,Manager,17650,No,9,45,Female
1046,No,Research & Development,Laboratory Technician,4025,No,8,32,Female
1047,No,Sales,Sales Executive,9725,No,15,34,Male
1048,No,Sales,Manager,11904,Yes,6,59,Male
1049,No,Human Resources,Human Resources,2177,No,6,45,Male
1050,No,Sales,Sales Executive,7525,No,15,53,Female
1052,Yes,Research & Development,Laboratory Technician,4834,No,1,36,Male
1053,Yes,Research & Development,Research Scientist,2042,Yes,3,26,Male
1055,No,Sales,Sales Representative,2220,Yes,1,34,Female
1056,No,Sales,Sales Representative,1052,No,1,28,Male
1060,No,Research & Development,Research Scientist,2821,No,2,38,Male
1061,No,Research & Development,Research Director,19237,Yes,8,50,Male
1062,No,Research & Development,Healthcare Representative,4107,No,4,37,Female
1066,No,Sales,Sales Executive,8396,No,7,40,Male
1068,No,Research & Development,Research Scientist,2007,No,5,26,Female
1069,No,Research & Development,Research Director,19627,No,2,46,Male
1070,No,Sales,Sales Executive,10686,No,9,54,Female
1071,No,Research & Development,Research Scientist,2942,No,5,56,Female
1073,No,Research & Development,Manufacturing Director,8858,No,14,36,Female
1074,No,Research & Development,Manager,16756,No,9,55,Male
1076,No,Sales,Sales Executive,10798,No,1,43,Male
1077,Yes,Sales,Sales Representative,2323,Yes,2,20,Female
1079,Yes,Research & Development,Laboratory Technician,1416,No,1,21,Female
1080,No,Research & Development,Research Scientist,4615,Yes,16,46,Female
1081,Yes,Research & Development,Research Scientist,2461,Yes,10,51,Male
1082,Yes,Research & Development,Healthcare Representative,8722,No,10,28,Male
1083,No,Research & Development,Laboratory Technician,3955,No,5,26,Male
1084,No,Research & Development,Manufacturing Director,9957,No,6,30,Male
1085,No,Research & Development,Research Scientist,3376,No,10,41,Female
1088,No,Research & Development,Healthcare Representative,8823,No,19,38,Female
1092,No,Research & Development,Healthcare Representative,10322,No,11,40,Male
1094,No,Research & Development,Laboratory Technician,4621,No,3,27,Male
1096,No,Research & Development,Manufacturing Director,10976,No,3,55,Male
1097,No,Research & Development,Research Scientist,3660,No,8,28,Female
1098,Yes,Human Resources,Human Resources,10482,No,20,44,Male
1099,No,Research & Development,Healthcare Representative,7119,No,3,33,Male
1100,Yes,Sales,Sales Executive,9582,Yes,8,35,Male
1101,Yes,Research & Development,Research Scientist,4508,No,13,33,Female
1102,No,Research & Development,Laboratory Technician,2207,No,4,28,Male
1103,No,Research & Development,Healthcare Representative,7756,No,6,34,Male
1105,No,Sales,Sales Executive,6694,Yes,1,37,Female
1106,Yes,Research & Development,Laboratory Technician,3691,Yes,7,25,Male
1107,Yes,Research & Development,Laboratory Technician,2377,No,1,26,Male
1108,Yes,Research & Development,Research Scientist,2313,Yes,2,33,Male
1109,No,Research & Development,Manager,17665,No,22,42,Male
1111,Yes,Research & Development,Laboratory Technician,2596,No,1,28,Male
1113,Yes,Sales,Sales Executive,4728,Yes,0,50,Male
1114,No,Sales,Sales Executive,4302,No,3,33,Female
1115,No,Research & Development,Research Scientist,2979,No,0,34,Male
1116,No,Research & Development,Manager,16885,No,5,48,Male
1117,No,Sales,Sales Executive,5593,No,15,45,Female
1118,No,Research & Development,Healthcare Representative,10445,No,8,52,Male
1119,No,Sales,Sales Executive,8740,Yes,8,38,Male
1120,No,Research & Development,Research Scientist,2514,No,7,29,Female
1121,No,Research & Development,Manufacturing Director,7655,No,9,28,Female
1124,No,Sales,Manager,17465,No,12,46,Male
1125,No,Sales,Sales Executive,7351,No,1,38,Male
1126,No,Research & Development,Manufacturing Director,10820,No,8,43,Female
1127,Yes,Research & Development,Healthcare Representative,12169,No,18,39,Male
1128,No,Research & Development,Research Director,19626,No,20,40,Male
1131,No,Research & Development,Research Scientist,2070,Yes,2,21,Female
1132,No,Research & Development,Laboratory Technician,6782,No,5,39,Male
1133,No,Research & Development,Manufacturing Director,7779,No,11,36,Male
1135,No,Sales,Sales Representative,2791,No,2,31,Male
1136,No,Research & Development,Research Scientist,3201,No,5,28,Male
1137,No,Sales,Sales Executive,4968,No,5,35,Male
1138,No,Sales,Sales Executive,13120,No,9,49,Male
1140,No,Research & Development,Manufacturing Director,4033,No,3,34,Male
1143,No,Research & Development,Research Scientist,3291,No,7,29,Female
1148,No,Research & Development,Laboratory Technician,4272,No,1,42,Male
1150,No,Research & Development,Manufacturing Director,5056,Yes,10,29,Male
1152,No,Human Resources,Human Resources,2844,No,7,38,Male
1154,No,Research & Development,Research Scientist,2703,Yes,3,28,Male
1156,Yes,Research & Development,Laboratory Technician,1904,No,0,18,Male
1157,Yes,Sales,Sales Executive,8224,Yes,5,33,Female
1158,No,Research & Development,Laboratory Technician,4766,Yes,1,41,Male
1160,Yes,Research & Development,Laboratory Technician,2610,No,2,31,Male
1161,No,Research & Development,Healthcare Representative,5731,No,6,37,Female
1162,No,Research & Development,Research Scientist,2539,No,4,27,Male
1163,No,Sales,Sales Executive,5714,No,6,34,Female
1164,No,Human Resources,Human Resources,4323,No,5,35,Male
1165,Yes,Sales,Sales Executive,7336,No,11,29,Female
1166,No,Research & Development,Research Director,13499,No,18,40,Female
1167,Yes,Sales,Sales Executive,13758,Yes,21,42,Male
1171,No,Sales,Sales Executive,5155,No,6,42,Male
1172,No,Research & Development,Laboratory Technician,2258,No,8,35,Male
1173,No,Research & Development,Laboratory Technician,3597,No,4,24,Male
1175,Yes,Research & Development,Laboratory Technician,2515,Yes,1,28,Female
1177,No,Research & Development,Laboratory Technician,4420,No,8,26,Male
1179,No,Sales,Sales Executive,6578,No,10,30,Male
1180,No,Research & Development,Research Scientist,4422,Yes,1,40,Female
1182,No,Research & Development,Manufacturing Director,10274,No,7,35,Male
1184,No,Research & Development,Healthcare Representative,5343,No,13,34,Male
1185,No,Research & Development,Laboratory Technician,2376,No,2,35,Male
1188,Yes,Sales,Sales Executive,5346,No,4,43,Female
1190,No,Sales,Sales Representative,2827,No,1,32,Female
1191,No,Research & Development,Manager,19943,No,5,56,Female
1192,No,Research & Development,Laboratory Technician,3131,No,10,29,Female
1193,No,Research & Development,Research Scientist,2552,No,1,19,Male
1195,No,Research & Development,Research Scientist,4477,Yes,3,45,Female
1196,No,Research & Development,Manufacturing Director,6474,No,14,37,Female
1198,No,Research & Development,Laboratory Technician,3033,No,2,20,Male
1200,Yes,Research & Development,Research Scientist,2936,Yes,6,44,Male
1201,No,Research & Development,Manager,18606,No,7,53,Female
1202,No,Research & Development,Research Scientist,2168,Yes,5,29,Female
1203,Yes,Research & Development,Research Scientist,2853,Yes,0,22,Male
1204,No,Sales,Manager,17048,No,26,46,Female
1206,No,Research & Development,Research Scientist,2290,No,0,44,Male
1207,No,Human Resources,Human Resources,3600,No,5,33,Male
1210,Yes,Research & Development,Research Scientist,2107,No,1,41,Male
1211,No,Sales,Sales Executive,4115,No,4,30,Male
1212,No,Sales,Sales Executive,4327,No,0,40,Male
1215,No,Research & Development,Manager,17856,No,2,50,Female
1216,No,Research & Development,Laboratory Technician,3196,No,6,28,Male
1217,No,Research & Development,Research Director,19081,No,4,46,Male
1218,No,Sales,Sales Executive,8966,Yes,7,35,Male
1219,Yes,Research & Development,Laboratory Technician,2210,No,1,24,Female
1220,No,Sales,Sales Executive,4539,No,10,33,Female
1221,No,Research & Development,Laboratory Technician,2741,No,7,36,Male
1224,No,Research & Development,Laboratory Technician,3491,No,10,30,Male
1225,No,Research & Development,Research Scientist,4541,No,20,44,Male
1226,No,Sales,Sales Representative,2678,No,2,20,Male
1228,No,Research & Development,Manufacturing Director,7379,No,6,46,Male
1231,No,Human Resources,Human Resources,6272,No,4,42,Male
1233,No,Sales,Sales Executive,5220,Yes,11,60,Male
1234,No,Research & Development,Laboratory Technician,2743,No,2,32,Female
1235,No,Research & Development,Research Scientist,4998,Yes,8,32,Female
1237,No,Research & Development,Manufacturing Director,10252,Yes,7,36,Female
1238,No,Research & Development,Research Scientist,2781,No,14,33,Male
1239,No,Sales,Sales Executive,6852,No,5,40,Female
1240,No,Sales,Sales Executive,4950,No,4,25,Male
1241,No,Research & Development,Research Scientist,3579,Yes,11,30,Male
1242,No,Research & Development,Research Director,13191,Yes,1,42,Female
1243,No,Sales,Sales Executive,10377,Yes,13,35,Female
1244,No,Research & Development,Research Scientist,2235,Yes,9,27,Male
1245,No,Research & Development,Manufacturing Director,10502,No,5,54,Female
1246,No,Research & Development,Research Scientist,2011,No,10,44,Female
1248,Yes,Research & Development,Research Scientist,1859,Yes,1,19,Female
1249,No,Research & Development,Research Scientist,3760,No,3,29,Female
1250,No,Research & Development,Research Director,17779,No,10,54,Male
1251,No,Research & Development,Healthcare Representative,6833,Yes,6,31,Male
1252,No,Research & Development,Healthcare Representative,6812,No,10,31,Female
1254,No,Sales,Sales Executive,5171,No,6,59,Female
1255,No,Research & Development,Research Director,19740,No,8,43,Male
1256,No,Research & Development,Manager,18711,No,1,49,Male
1257,No,Research & Development,Research Scientist,3692,No,11,36,Male
1258,No,Research & Development,Laboratory Technician,2559,No,1,48,Male
1259,No,Research & Development,Research Scientist,2517,No,5,27,Male
1260,No,Research & Development,Healthcare Representative,6623,Yes,6,29,Male
1263,No,Research & Development,Research Director,18265,No,1,48,Male
1264,No,Research & Development,Research Director,16124,No,7,29,Female
1265,No,Research & Development,Research Scientist,2585,No,1,34,Female
1267,No,Sales,Manager,18213,No,22,44,Male
1268,No,Sales,Sales Executive,8380,Yes,9,33,Male
1269,No,Research & Development,Research Scientist,2994,Yes,1,19,Female
1270,No,Research & Development,Research Scientist,1223,No,1,23,Male
1273,Yes,Sales,Sales Representative,1118,Yes,1,25,Male
1275,No,Research & Development,Research Scientist,2875,Yes,8,26,Male
1277,Yes,Sales,Manager,18824,Yes,24,45,Female
1278,No,Research & Development,Healthcare Representative,13577,Yes,33,55,Male
1279,Yes,Research & Development,Laboratory Technician,2625,No,2,21,Female
1280,No,Sales,Manager,18789,No,11,46,Female
1281,No,Sales,Sales Executive,4538,Yes,3,34,Female
1282,No,Sales,Manager,19847,Yes,29,51,Male
1283,No,Research & Development,Manufacturing Director,10512,No,9,59,Male
1285,No,Research & Development,Laboratory Technician,4444,No,11,34,Female
1286,No,Research & Development,Laboratory Technician,2154,Yes,4,28,Male
1288,No,Research & Development,Manager,19190,No,25,44,Male
1289,No,Human Resources,Human Resources,4490,No,10,34,Male
1291,No,Research & Development,Research Scientist,3506,Yes,3,35,Male
1292,No,Research & Development,Research Scientist,2372,Yes,1,42,Female
1293,No,Sales,Sales Executive,10231,No,21,43,Female
1294,No,Research & Development,Manufacturing Director,5410,Yes,16,36,Female
1295,Yes,Research & Development,Healthcare Representative,7978,No,10,44,Female
1296,No,Research & Development,Laboratory Technician,3867,Yes,2,28,Male
1297,No,Research & Development,Laboratory Technician,2838,No,7,51,Female
1298,No,Research & Development,Manufacturing Director,4695,Yes,8,30,Female
1299,Yes,Research & Development,Laboratory Technician,3339,Yes,7,29,Female
1301,No,Research & Development,Research Scientist,2080,No,3,28,Male
1303,No,Research & Development,Research Scientist,2096,No,2,25,Female
1304,No,Sales,Sales Executive,6209,No,10,32,Male
1306,No,Research & Development,Manager,18061,No,0,45,Female
1307,No,Research & Development,Manager,17123,Yes,19,39,Female
1308,No,Research & Development,Research Scientist,2372,No,2,58,Male
1309,Yes,Research & Development,Laboratory Technician,4883,No,10,32,Male
1310,Yes,Research & Development,Research Scientist,3904,No,5,39,Male
1311,No,Research & Development,Laboratory Technician,4627,No,9,30,Female
1312,No,Research & Development,Healthcare Representative,7094,No,7,36,Female
1314,No,Human Resources,Human Resources,3423,No,7,46,Female
1315,No,Research & Development,Laboratory Technician,6674,No,9,28,Female
1317,No,Research & Development,Research Director,16880,Yes,3,50,Female
1318,Yes,Sales,Sales Executive,9094,Yes,5,40,Male
1319,Yes,Sales,Sales Executive,8446,Yes,8,52,Male
1321,No,Research & Development,Manager,11916,Yes,9,30,Female
1665,No,Research & Development,Manager,17426,No,10,54,Female
1322,No,Research & Development,Manufacturing Director,4534,No,8,39,Male
1324,No,Sales,Sales Executive,9852,Yes,10,31,Female
1329,No,Sales,Sales Executive,6151,No,19,41,Male
1331,Yes,Sales,Sales Representative,2302,Yes,3,31,Female
1333,Yes,Research & Development,Laboratory Technician,2362,No,3,44,Male
1334,No,Research & Development,Manager,17861,Yes,20,42,Male
1336,No,Research & Development,Manager,19187,No,19,55,Female
1338,No,Human Resources,Manager,19717,No,7,56,Male
1340,No,Research & Development,Research Scientist,3544,No,4,40,Male
1344,No,Research & Development,Healthcare Representative,8500,No,9,34,Male
1346,No,Research & Development,Research Scientist,4661,No,9,40,Male
1349,No,Sales,Sales Executive,4103,No,9,41,Female
1350,No,Research & Development,Research Scientist,4249,Yes,9,35,Male
1352,No,Human Resources,Manager,14026,Yes,33,51,Male
1355,No,Sales,Sales Executive,6893,No,7,38,Female
1356,No,Sales,Sales Executive,6125,No,10,34,Female
1358,No,Research & Development,Laboratory Technician,3669,No,3,25,Male
1360,Yes,Research & Development,Manufacturing Director,10008,Yes,10,58,Female
1361,No,Research & Development,Laboratory Technician,2387,No,4,40,Male
1362,No,Sales,Sales Executive,4639,No,15,36,Female
1363,No,Research & Development,Manufacturing Director,7898,No,10,48,Male
1364,No,Sales,Sales Representative,2534,No,1,27,Female
1367,No,Research & Development,Manufacturing Director,13142,No,5,51,Female
1368,No,Research & Development,Laboratory Technician,1611,No,0,18,Female
1369,No,Research & Development,Laboratory Technician,5363,No,9,35,Female
1371,No,Sales,Sales Executive,5071,No,6,27,Male
1372,Yes,Sales,Sales Executive,13695,Yes,19,55,Male
1373,No,Research & Development,Manufacturing Director,13402,Yes,19,56,Male
1374,No,Research & Development,Research Scientist,2029,No,5,34,Female
1375,No,Research & Development,Healthcare Representative,6377,No,12,40,Female
1377,No,Research & Development,Laboratory Technician,5429,No,8,34,Male
1379,Yes,Sales,Sales Representative,2785,No,1,31,Female
1380,Yes,Sales,Sales Executive,4614,Yes,4,35,Female
1382,No,Research & Development,Research Scientist,2610,No,4,38,Male
1383,No,Research & Development,Healthcare Representative,6687,No,14,34,Female
1387,No,Sales,Sales Executive,4724,No,5,28,Male
1389,Yes,Research & Development,Manufacturing Director,6179,Yes,10,31,Male
1390,No,Sales,Sales Executive,6120,Yes,5,39,Male
1391,No,Sales,Sales Executive,10596,No,4,51,Male
1392,No,Research & Development,Research Scientist,5467,Yes,6,41,Female
1394,No,Research & Development,Research Scientist,2996,Yes,6,37,Male
1395,No,Sales,Sales Executive,9998,No,5,33,Male
1396,No,Sales,Sales Executive,4078,Yes,3,32,Male
1397,No,Research & Development,Healthcare Representative,10920,No,6,39,Male
1399,No,Sales,Sales Executive,6232,No,3,25,Male
1401,No,Research & Development,Manufacturing Director,13247,Yes,5,52,Female
1402,No,Research & Development,Research Scientist,4081,Yes,20,43,Female
1403,No,Sales,Sales Executive,5769,Yes,6,27,Female
1405,Yes,Research & Development,Research Scientist,2394,Yes,8,27,Female
1407,No,Research & Development,Research Scientist,3904,No,4,26,Male
1408,No,Human Resources,Manager,16799,No,20,42,Female
1409,No,Research & Development,Laboratory Technician,2950,No,5,52,Female
1411,No,Research & Development,Laboratory Technician,3629,No,3,37,Female
1412,No,Research & Development,Manufacturing Director,9362,No,2,35,Male
1415,No,Research & Development,Laboratory Technician,3229,No,3,25,Male
1417,No,Research & Development,Laboratory Technician,3578,No,7,26,Male
1419,No,Human Resources,Human Resources,7988,No,10,29,Male
1420,Yes,Research & Development,Laboratory Technician,4284,No,4,49,Male
1421,Yes,Research & Development,Healthcare Representative,7553,Yes,8,29,Female
1422,No,Research & Development,Research Director,17328,No,20,54,Female
1423,No,Research & Development,Research Director,19701,Yes,9,58,Female
1424,No,Research & Development,Research Director,14732,No,7,55,Male
1425,No,Sales,Sales Executive,9278,Yes,5,36,Female
1427,Yes,Sales,Sales Representative,1359,No,1,31,Female
1428,No,Sales,Sales Executive,4779,No,3,30,Female
1430,No,Research & Development,Research Director,16422,No,3,31,Female
1431,No,Research & Development,Research Scientist,2996,No,4,34,Male
1433,Yes,Research & Development,Research Scientist,1261,No,1,31,Female
1434,No,Research & Development,Laboratory Technician,2099,No,5,27,Male
1435,No,Research & Development,Laboratory Technician,5810,No,10,36,Male
1436,No,Sales,Sales Executive,5647,No,3,36,Female
2036,No,Sales,Sales Executive,5406,No,15,36,Male
1438,No,Research & Development,Research Scientist,3420,No,6,47,Male
1439,Yes,Sales,Sales Representative,4400,No,3,25,Male
1440,No,Research & Development,Laboratory Technician,3500,No,6,37,Male
1441,No,Research & Development,Research Scientist,2066,No,3,56,Female
1443,No,Research & Development,Research Director,17169,No,20,47,Female
1445,No,Sales,Sales Executive,4162,Yes,5,24,Female
1446,No,Sales,Sales Executive,9204,No,4,32,Male
1447,No,Research & Development,Laboratory Technician,3294,No,5,34,Female
1448,No,Research & Development,Research Scientist,2127,Yes,4,41,Male
1449,No,Research & Development,Laboratory Technician,3975,No,8,40,Male
1453,No,Sales,Sales Executive,10793,No,13,31,Male
1457,Yes,Sales,Sales Executive,10096,No,7,46,Male
1458,Yes,Research & Development,Laboratory Technician,3646,Yes,1,39,Female
1459,Yes,Research & Development,Manufacturing Director,7446,No,10,31,Female
1460,No,Research & Development,Healthcare Representative,10851,Yes,7,45,Male
1461,No,Human Resources,Human Resources,2109,No,3,31,Female
1464,Yes,Research & Development,Laboratory Technician,3722,Yes,2,31,Male
1465,No,Research & Development,Manufacturing Director,9380,Yes,3,45,Male
1466,No,Sales,Sales Executive,5486,No,2,48,Male
1467,Yes,Human Resources,Human Resources,2742,No,2,34,Female
1468,No,Research & Development,Research Director,13757,No,9,40,Male
1469,No,Sales,Sales Executive,8463,No,5,28,Male
1471,No,Research & Development,Laboratory Technician,3162,No,5,44,Male
1472,No,Research & Development,Research Director,16598,No,9,53,Male
1473,No,Research & Development,Healthcare Representative,6651,No,3,49,Male
1474,No,Research & Development,Research Scientist,2345,No,3,40,Male
1475,No,Research & Development,Research Scientist,3420,No,5,44,Male
1477,No,Sales,Sales Executive,4373,No,4,33,Male
1478,No,Sales,Sales Executive,4759,No,13,34,Male
1479,No,Sales,Sales Executive,5301,No,2,30,Male
1480,No,Research & Development,Laboratory Technician,3673,No,12,42,Female
1481,No,Sales,Sales Executive,4768,No,1,44,Female
1482,No,Research & Development,Research Scientist,1274,No,1,30,Male
1483,No,Research & Development,Research Scientist,4900,No,12,57,Male
1484,No,Research & Development,Healthcare Representative,10466,No,8,49,Male
1485,No,Research & Development,Research Director,17007,No,14,34,Male
1486,Yes,Sales,Sales Representative,2909,No,3,28,Male
1487,Yes,Sales,Sales Executive,5765,No,5,29,Female
1489,Yes,Sales,Sales Executive,4599,Yes,15,34,Female
1492,No,Sales,Sales Representative,2404,No,1,35,Male
1494,Yes,Research & Development,Laboratory Technician,3172,Yes,0,24,Male
1495,No,Sales,Sales Representative,2033,No,1,24,Female
1496,No,Research & Development,Manufacturing Director,10209,Yes,2,44,Male
1497,No,Sales,Sales Executive,8620,No,10,29,Male
1499,No,Human Resources,Human Resources,2064,No,5,30,Male
1501,No,Research & Development,Healthcare Representative,4035,Yes,3,55,Male
1502,No,Research & Development,Laboratory Technician,3838,No,5,33,Female
1503,No,Sales,Sales Executive,4591,Yes,5,47,Female
1504,Yes,Research & Development,Laboratory Technician,2561,No,0,28,Male
1506,No,Research & Development,Research Scientist,1563,No,1,28,Male
1507,No,Sales,Sales Executive,4898,No,4,28,Male
1509,No,Research & Development,Laboratory Technician,4789,No,3,49,Female
1513,No,Research & Development,Laboratory Technician,3180,No,3,29,Female
1514,No,Research & Development,Manufacturing Director,6549,No,8,28,Male
1515,No,Research & Development,Healthcare Representative,6388,Yes,0,33,Male
1516,No,Research & Development,Manager,11244,No,5,32,Male
1520,No,Research & Development,Manager,16032,No,14,54,Female
1522,Yes,Research & Development,Research Scientist,2362,No,9,29,Male
1523,No,Research & Development,Research Director,16328,No,20,44,Male
1525,No,Research & Development,Manufacturing Director,8376,No,2,39,Female
1527,No,Sales,Manager,16606,No,13,46,Female
1529,No,Research & Development,Healthcare Representative,8606,No,11,35,Female
1533,No,Research & Development,Laboratory Technician,2272,No,4,23,Male
1534,Yes,Research & Development,Laboratory Technician,2018,No,5,40,Male
1535,No,Sales,Sales Executive,7083,Yes,10,34,Male
1537,Yes,Research & Development,Research Scientist,4084,No,7,31,Female
1539,No,Research & Development,Research Director,14411,Yes,32,50,Male
1541,No,Sales,Sales Representative,2308,Yes,11,34,Male
1542,No,Research & Development,Laboratory Technician,4841,No,1,42,Male
1543,No,Research & Development,Research Scientist,4285,No,10,37,Male
1544,No,Research & Development,Healthcare Representative,9715,No,7,29,Female
1545,No,Research & Development,Manufacturing Director,4320,No,5,33,Male
1546,No,Research & Development,Research Scientist,2132,No,5,45,Male
1547,No,Research & Development,Healthcare Representative,10124,Yes,20,42,Male
1548,No,Sales,Sales Executive,5473,No,8,40,Male
1549,No,Research & Development,Laboratory Technician,5207,Yes,15,33,Male
1550,No,Human Resources,Manager,16437,Yes,21,40,Male
1551,No,Research & Development,Laboratory Technician,2296,No,1,24,Male
1552,No,Research & Development,Healthcare Representative,4069,Yes,2,40,Male
1553,No,Research & Development,Healthcare Representative,7441,No,10,45,Male
1554,No,Sales,Sales Representative,2430,No,5,35,Female
1555,No,Research & Development,Research Scientist,5878,No,7,32,Female
1556,No,Sales,Sales Representative,2644,Yes,3,36,Male
1557,No,Sales,Sales Executive,6439,No,8,48,Female
1558,No,Research & Development,Research Scientist,2451,No,1,29,Male
1560,No,Sales,Sales Executive,6392,No,2,33,Male
1562,Yes,Sales,Sales Executive,9714,No,10,30,Male
1563,No,Human Resources,Human Resources,6077,No,6,38,Male
1564,No,Research & Development,Laboratory Technician,2450,No,3,35,Male
1568,No,Sales,Sales Executive,9250,No,4,30,Male
1569,Yes,Research & Development,Laboratory Technician,2074,Yes,1,35,Female
1572,Yes,Research & Development,Manufacturing Director,10169,No,33,53,Female
1573,Yes,Research & Development,Manufacturing Director,4855,No,5,38,Male
1574,No,Research & Development,Research Scientist,4087,No,6,32,Male
1576,No,Research & Development,Research Scientist,2367,No,8,48,Female
1577,No,Research & Development,Research Scientist,2972,No,1,34,Male
1578,No,Sales,Manager,19586,No,36,55,Male
1580,No,Research & Development,Research Scientist,5484,No,2,34,Male
1581,No,Research & Development,Research Scientist,2061,No,1,26,Female
1582,No,Sales,Sales Executive,9924,No,9,38,Male
1583,No,Sales,Sales Executive,4198,No,3,38,Female
1585,No,Sales,Sales Executive,6815,No,1,36,Female
1586,No,Research & Development,Laboratory Technician,4723,Yes,10,29,Male
1587,No,Research & Development,Healthcare Representative,6142,Yes,5,35,Female
1588,No,Sales,Sales Executive,8237,No,7,39,Male
1590,No,Research & Development,Healthcare Representative,8853,No,6,29,Male
1591,No,Sales,Manager,19331,Yes,1,50,Male
1592,No,Research & Development,Research Scientist,2073,No,2,23,Male
1594,No,Research & Development,Laboratory Technician,5562,Yes,3,36,Male
1595,No,Research & Development,Manager,19613,No,1,42,Male
1596,No,Research & Development,Laboratory Technician,3407,No,10,35,Male
1597,No,Research & Development,Healthcare Representative,5063,No,8,34,Male
1598,No,Sales,Sales Executive,4639,No,5,40,Female
1599,No,Research & Development,Laboratory Technician,4876,No,6,43,Male
1601,No,Research & Development,Laboratory Technician,2690,No,1,35,Male
1602,No,Sales,Manager,17567,No,26,46,Male
1604,Yes,Research & Development,Laboratory Technician,2408,Yes,1,28,Male
1605,No,Research & Development,Research Scientist,2814,Yes,4,22,Female
1606,No,Research & Development,Healthcare Representative,11245,Yes,30,50,Male
1607,No,Research & Development,Research Scientist,3312,No,3,32,Female
1608,No,Research & Development,Research Director,19049,Yes,22,44,Female
1609,No,Research & Development,Research Scientist,2141,No,6,30,Male
1611,No,Research & Development,Laboratory Technician,5769,Yes,10,45,Female
1612,No,Sales,Sales Executive,4385,No,10,45,Male
1613,No,Sales,Sales Executive,5332,No,5,31,Male
1614,No,Research & Development,Manufacturing Director,4663,Yes,3,36,Female
1615,No,Research & Development,Manufacturing Director,4724,No,9,34,Male
1617,No,Research & Development,Laboratory Technician,3211,No,9,49,Female
1618,No,Research & Development,Manufacturing Director,5377,No,7,39,Male
1619,No,Research & Development,Laboratory Technician,4066,No,7,27,Male
1621,No,Research & Development,Research Scientist,5208,No,16,35,Male
1622,No,Research & Development,Manufacturing Director,4877,No,5,28,Female
1623,No,Research & Development,Research Scientist,3117,No,2,21,Male
1624,Yes,Sales,Sales Representative,1569,Yes,0,18,Female
1625,No,Human Resources,Manager,19658,No,5,47,Female
1627,No,Research & Development,Laboratory Technician,3069,No,10,39,Male
1628,No,Research & Development,Manufacturing Director,10435,No,18,40,Female
1630,No,Research & Development,Healthcare Representative,4148,No,14,35,Female
1631,No,Research & Development,Manufacturing Director,5768,No,4,37,Male
1633,No,Research & Development,Manufacturing Director,5042,No,9,39,Female
1635,No,Research & Development,Manufacturing Director,5770,No,10,45,Female
1638,No,Research & Development,Manufacturing Director,7756,Yes,5,38,Female
1639,Yes,Sales,Sales Executive,10306,No,13,35,Male
1640,No,Research & Development,Research Scientist,3936,No,8,37,Female
1641,No,Research & Development,Manufacturing Director,7945,Yes,4,40,Female
1642,No,Human Resources,Human Resources,5743,Yes,10,44,Male
1644,No,Research & Development,Manager,15202,No,2,48,Male
1645,Yes,Sales,Sales Executive,5440,Yes,2,35,Male
1646,No,Research & Development,Research Scientist,3760,Yes,6,24,Female
1647,No,Research & Development,Research Scientist,3517,No,3,27,Female
1648,No,Research & Development,Research Scientist,2580,No,4,27,Male
1649,Yes,Research & Development,Laboratory Technician,2166,Yes,4,40,Male
1650,No,Sales,Sales Executive,5869,No,5,29,Male
1651,No,Research & Development,Healthcare Representative,8008,No,3,36,Female
1653,No,Research & Development,Manufacturing Director,5206,No,7,25,Male
1654,No,Research & Development,Manufacturing Director,5295,No,5,39,Male
1655,No,Research & Development,Research Director,16413,No,4,49,Female
1656,No,Research & Development,Research Director,13269,No,14,50,Female
1657,No,Sales,Sales Representative,2783,No,2,20,Female
1658,No,Research & Development,Research Scientist,5433,No,11,34,Female
1659,No,Research & Development,Laboratory Technician,2013,No,4,36,Male
1661,No,Research & Development,Healthcare Representative,13966,Yes,15,49,Female
1662,No,Research & Development,Manufacturing Director,4374,No,3,36,Female
1664,No,Research & Development,Healthcare Representative,6842,No,5,36,Male
1666,No,Research & Development,Research Director,17603,No,14,43,Male
1667,Yes,Sales,Sales Executive,4581,Yes,11,35,Male
1668,No,Research & Development,Research Scientist,4735,No,13,38,Male
1669,No,Sales,Sales Executive,4187,Yes,10,29,Male
1670,No,Sales,Sales Executive,5505,No,6,33,Male
1671,No,Research & Development,Research Scientist,5470,No,9,32,Male
1673,No,Sales,Sales Executive,5476,No,10,31,Female
1674,No,Research & Development,Laboratory Technician,2587,Yes,2,49,Female
1675,No,Research & Development,Laboratory Technician,2440,No,4,38,Female
1676,No,Sales,Manager,15972,No,3,47,Female
1677,No,Research & Development,Manager,15379,No,8,49,Male
1678,No,Sales,Sales Executive,7082,Yes,2,41,Male
1680,No,Sales,Sales Representative,2728,No,2,20,Male
1681,No,Sales,Sales Executive,5368,Yes,6,33,Female
1682,No,Research & Development,Healthcare Representative,5347,No,3,36,Male
1683,No,Human Resources,Human Resources,3195,Yes,2,44,Female
1684,Yes,Research & Development,Laboratory Technician,3989,Yes,5,23,Male
1687,No,Research & Development,Laboratory Technician,3306,No,0,38,Female
1689,No,Research & Development,Healthcare Representative,7005,No,4,53,Male
1691,Yes,Sales,Sales Representative,2655,Yes,9,48,Female
1692,Yes,Research & Development,Laboratory Technician,1393,No,1,32,Male
1693,No,Research & Development,Laboratory Technician,2570,No,7,26,Male
1694,No,Research & Development,Research Scientist,3537,No,4,55,Male
1696,No,Research & Development,Laboratory Technician,3986,No,15,34,Male
1697,No,Research & Development,Healthcare Representative,10883,No,1,60,Male
1698,No,Research & Development,Laboratory Technician,2028,No,14,33,Male
1700,No,Sales,Sales Executive,9525,No,6,37,Male
1701,No,Research & Development,Research Scientist,2929,No,10,34,Female
1702,Yes,Sales,Sales Representative,2275,Yes,3,23,Male
1703,No,Research & Development,Healthcare Representative,7879,Yes,8,44,Female
1704,No,Research & Development,Research Scientist,4930,Yes,5,35,Male
1706,No,Sales,Sales Executive,7847,Yes,10,43,Male
1707,No,Research & Development,Research Scientist,4401,No,5,24,Male
1708,No,Sales,Sales Executive,9241,No,10,41,Male
1709,No,Research & Development,Laboratory Technician,2974,No,5,29,Female
1710,No,Sales,Sales Representative,4502,No,13,36,Female
1712,No,Research & Development,Healthcare Representative,10748,No,23,45,Male
1714,Yes,Human Resources,Human Resources,1555,No,1,24,Male
1716,Yes,Sales,Sales Executive,12936,No,23,47,Male
1718,No,Research & Development,Laboratory Technician,2305,No,3,26,Male
1719,No,Research & Development,Research Director,16704,No,21,45,Female
1720,No,Research & Development,Research Scientist,3433,No,5,32,Male
1721,No,Research & Development,Laboratory Technician,3477,No,5,31,Male
1722,No,Human Resources,Human Resources,6430,No,3,41,Male
1724,No,Research & Development,Manufacturing Director,6516,Yes,1,40,Female
1725,No,Research & Development,Laboratory Technician,3907,No,6,24,Male
1727,No,Research & Development,Healthcare Representative,5562,No,10,46,Male
1728,No,Research & Development,Manufacturing Director,6883,No,7,35,Male
1729,No,Research & Development,Research Scientist,2862,No,10,30,Male
1731,No,Sales,Sales Executive,4978,No,1,47,Male
1732,No,Sales,Sales Executive,10368,Yes,10,46,Male
1733,Yes,Sales,Sales Executive,6134,Yes,2,36,Male
1734,Yes,Sales,Sales Executive,6735,No,0,32,Male
1735,No,Research & Development,Laboratory Technician,3295,No,3,23,Female
1736,No,Research & Development,Manufacturing Director,5238,No,5,31,Female
1737,No,Research & Development,Laboratory Technician,6472,Yes,9,39,Male
1739,No,Sales,Sales Executive,9610,No,4,32,Male
1740,No,Sales,Manager,19833,No,21,40,Male
1744,No,Human Resources,Human Resources,9756,No,5,45,Female
1745,No,Research & Development,Research Scientist,4968,No,9,30,Female
1746,No,Human Resources,Human Resources,2145,No,2,24,Male
1747,Yes,Human Resources,Human Resources,2180,No,4,30,Female
1749,No,Sales,Sales Executive,8346,No,5,31,Male
1751,No,Research & Development,Research Scientist,3445,No,6,27,Female
1752,Yes,Sales,Sales Representative,2760,No,2,29,Female
1753,No,Research & Development,Healthcare Representative,6294,Yes,3,29,Male
1754,No,Sales,Sales Executive,7140,No,7,30,Male
1755,No,Research & Development,Research Scientist,2932,Yes,5,34,Male
1756,No,Sales,Sales Executive,5147,No,11,33,Female
1757,No,Sales,Sales Executive,4507,No,5,49,Female
1758,Yes,Sales,Sales Executive,8564,Yes,0,33,Female
1760,No,Research & Development,Laboratory Technician,2468,No,6,38,Female
1761,Yes,Sales,Sales Executive,8161,No,1,31,Male
1762,No,Research & Development,Research Scientist,2109,No,1,29,Female
1763,No,Research & Development,Healthcare Representative,5294,No,7,30,Male
1764,No,Research & Development,Research Scientist,2718,No,7,32,Male
1766,No,Research & Development,Healthcare Representative,5811,Yes,1,38,Male
1767,Yes,Research & Development,Research Scientist,2437,Yes,1,43,Male
1768,No,Research & Development,Laboratory Technician,2766,No,5,42,Male
1770,No,Research & Development,Research Director,19038,No,1,55,Male
1771,No,Research & Development,Research Scientist,3055,No,9,33,Male
1772,No,Research & Development,Laboratory Technician,2289,No,5,41,Male
1774,No,Sales,Sales Executive,4001,Yes,15,34,Male
1775,No,Research & Development,Manufacturing Director,12965,Yes,3,53,Female
1778,No,Human Resources,Human Resources,3539,No,9,43,Male
1779,No,Sales,Sales Executive,6029,No,2,34,Female
1780,Yes,Sales,Sales Representative,2679,No,1,21,Male
1782,No,Research & Development,Laboratory Technician,3702,No,5,38,Female
1783,Yes,Research & Development,Laboratory Technician,2398,Yes,1,22,Female
1784,No,Sales,Sales Executive,5468,No,12,31,Female
1786,No,Research & Development,Manager,13116,No,2,51,Female
1787,No,Sales,Sales Executive,4189,No,5,37,Male
1789,No,Research & Development,Research Director,19328,Yes,2,46,Male
1790,No,Research & Development,Healthcare Representative,8321,Yes,12,36,Male
1792,Yes,Research & Development,Research Scientist,2342,Yes,5,44,Male
1794,No,Human Resources,Human Resources,4071,No,10,37,Male
1797,Yes,Sales,Sales Executive,5813,Yes,10,35,Male
1798,No,Research & Development,Research Scientist,3143,No,10,33,Male
1799,No,Research & Development,Research Scientist,2044,No,5,28,Male
1800,No,Research & Development,Research Director,13464,No,4,39,Male
1801,No,Sales,Sales Executive,7991,No,2,46,Male
1802,No,Research & Development,Laboratory Technician,3377,No,4,40,Female
1803,No,Research & Development,Healthcare Representative,5538,No,0,42,Male
1804,No,Research & Development,Manufacturing Director,5762,No,7,35,Male
1805,No,Human Resources,Human Resources,2592,No,11,38,Male
1807,Yes,Research & Development,Laboratory Technician,5346,No,7,34,Male
1809,Yes,Research & Development,Manufacturing Director,4213,No,10,37,Male
1812,No,Sales,Sales Executive,4127,No,2,39,Male
1813,No,Research & Development,Research Scientist,2438,No,3,43,Male
1814,No,Research & Development,Healthcare Representative,6870,No,3,41,Male
1815,No,Sales,Sales Executive,10447,Yes,22,41,Female
1816,No,Research & Development,Manufacturing Director,9667,No,7,30,Female
1818,Yes,Human Resources,Human Resources,2148,Yes,5,26,Female
1821,Yes,Research & Development,Healthcare Representative,8926,No,9,46,Female
1822,No,Research & Development,Healthcare Representative,6513,No,5,40,Female
1823,No,Sales,Sales Executive,6799,No,10,34,Male
1824,No,Sales,Manager,16291,No,16,58,Male
1826,No,Research & Development,Laboratory Technician,2705,No,5,35,Male
1827,No,Research & Development,Manufacturing Director,10333,Yes,22,47,Female
1829,No,Research & Development,Healthcare Representative,4448,No,7,40,Female
1830,No,Research & Development,Research Scientist,6854,No,7,54,Female
1833,No,Sales,Sales Executive,9637,No,3,31,Female
1834,No,Research & Development,Research Scientist,3591,No,3,28,Female
1835,No,Sales,Sales Representative,5405,Yes,4,38,Female
1836,No,Sales,Sales Executive,4684,No,5,26,Male
1837,No,Research & Development,Research Director,15787,Yes,2,58,Male
1839,No,Research & Development,Research Scientist,1514,No,0,18,Female
1842,Yes,Human Resources,Human Resources,2956,No,1,31,Male
1844,Yes,Human Resources,Human Resources,2335,Yes,2,29,Male
1845,No,Sales,Sales Executive,5154,No,8,45,Female
1847,No,Research & Development,Research Scientist,6962,Yes,1,36,Female
1849,No,Sales,Sales Executive,5675,No,7,43,Male
1850,No,Research & Development,Laboratory Technician,2379,Yes,5,27,Female
1852,No,Research & Development,Laboratory Technician,3812,No,11,29,Male
1853,No,Sales,Sales Executive,4648,No,0,32,Male
1854,No,Research & Development,Research Scientist,2936,No,6,42,Male
1856,No,Research & Development,Laboratory Technician,2105,No,2,47,Female
1857,No,Research & Development,Manufacturing Director,8578,No,9,46,Male
1858,No,Human Resources,Human Resources,2706,No,3,28,Male
1859,No,Research & Development,Healthcare Representative,6384,No,7,29,Male
1860,No,Research & Development,Laboratory Technician,3968,No,0,42,Male
1862,Yes,Sales,Sales Executive,9907,Yes,2,32,Male
1863,No,Sales,Sales Executive,13225,No,19,46,Female
1864,No,Sales,Sales Representative,3540,No,9,27,Female
1865,No,Human Resources,Human Resources,2804,No,1,29,Male
1866,No,Research & Development,Manager,19392,No,16,43,Female
1867,No,Research & Development,Research Director,19665,No,22,48,Male
1868,Yes,Research & Development,Research Scientist,2439,Yes,1,29,Male
1869,Yes,Sales,Sales Executive,7314,No,8,46,Female
1870,No,Research & Development,Research Scientist,4774,No,7,27,Female
1871,No,Research & Development,Research Scientist,3902,No,2,39,Male
1873,No,Research & Development,Research Scientist,2662,No,5,55,Male
1875,No,Sales,Sales Representative,2856,No,1,28,Female
1876,Yes,Sales,Sales Representative,1081,No,1,30,Male
1878,Yes,Research & Development,Research Scientist,2472,Yes,1,22,Male
1880,No,Sales,Sales Executive,5673,Yes,10,36,Female
1881,No,Research & Development,Laboratory Technician,4197,No,10,31,Male
1882,No,Sales,Sales Executive,9713,Yes,5,34,Male
1883,No,Research & Development,Laboratory Technician,2062,No,3,29,Male
1885,No,Research & Development,Research Scientist,4284,Yes,5,37,Male
1886,No,Research & Development,Manufacturing Director,4788,Yes,3,35,Female
1888,No,Research & Development,Manufacturing Director,5906,No,9,45,Female
1890,No,Human Resources,Human Resources,3886,No,10,36,Male
1892,No,Research & Development,Manager,16823,No,19,40,Male
1893,No,Research & Development,Research Scientist,2933,Yes,1,26,Female
1898,No,Sales,Sales Executive,6500,No,8,27,Female
1900,No,Research & Development,Manager,17174,No,22,48,Female
1903,No,Research & Development,Healthcare Representative,5033,No,2,44,Male
1905,Yes,Research & Development,Research Scientist,2307,Yes,5,34,Male
1907,Yes,Research & Development,Laboratory Technician,2587,No,4,56,Male
1908,No,Sales,Sales Executive,5507,No,4,36,Male
1909,No,Sales,Sales Executive,4393,No,5,41,Female
1911,No,Research & Development,Research Director,13348,No,13,42,Male
1912,No,Sales,Sales Executive,6583,Yes,5,31,Female
1915,No,Sales,Sales Executive,8103,Yes,4,34,Female
1916,No,Research & Development,Laboratory Technician,3978,No,2,31,Female
1918,No,Research & Development,Laboratory Technician,2544,No,7,26,Male
1922,No,Research & Development,Healthcare Representative,5399,No,4,45,Male
1924,No,Sales,Sales Executive,5487,No,10,33,Male
1927,No,Sales,Sales Executive,6834,Yes,7,28,Male
1928,Yes,Sales,Sales Representative,1091,No,1,29,Male
1929,No,Sales,Sales Executive,5736,No,3,39,Female
1931,No,Research & Development,Research Scientist,2226,No,5,27,Male
1932,No,Research & Development,Research Scientist,5747,Yes,15,34,Male
1933,Yes,Sales,Sales Executive,9854,Yes,2,28,Female
1934,No,Research & Development,Research Scientist,5467,No,8,47,Male
1935,No,Sales,Sales Executive,5380,No,0,56,Female
1936,No,Research & Development,Manufacturing Director,5151,No,10,39,Male
1937,No,Research & Development,Research Scientist,2133,Yes,20,38,Female
1938,No,Sales,Manager,17875,Yes,1,58,Female
1939,Yes,Research & Development,Research Scientist,2432,Yes,4,32,Female
1940,No,Research & Development,Research Scientist,4771,No,5,38,Male
1941,No,Research & Development,Research Director,19161,No,5,49,Male
1943,No,Sales,Sales Executive,5087,Yes,0,42,Male
1944,Yes,Human Resources,Human Resources,2863,No,1,27,Female
1945,No,Sales,Sales Executive,5561,No,5,35,Male
1947,No,Research & Development,Research Scientist,2144,No,5,28,Male
1948,No,Research & Development,Research Scientist,3065,Yes,4,31,Male
1949,No,Research & Development,Laboratory Technician,2810,No,5,36,Male
1950,No,Sales,Sales Executive,9888,No,14,34,Male
1951,No,Sales,Sales Executive,8628,No,8,34,Male
1952,No,Research & Development,Laboratory Technician,2867,No,7,26,Male
1954,No,Research & Development,Healthcare Representative,5373,No,5,29,Male
1955,No,Research & Development,Healthcare Representative,6667,No,5,32,Female
1956,No,Research & Development,Research Scientist,5003,No,10,31,Male
1960,Yes,Research & Development,Laboratory Technician,2367,No,4,28,Male
1961,No,Sales,Sales Representative,2858,No,1,38,Male
1962,No,Sales,Sales Executive,5204,Yes,10,35,Female
1965,No,Sales,Sales Executive,4105,No,7,27,Male
1966,No,Research & Development,Manufacturing Director,9679,No,1,32,Male
1967,Yes,Sales,Sales Executive,5617,Yes,10,31,Male
1968,Yes,Sales,Sales Executive,10448,Yes,2,53,Male
1969,No,Research & Development,Research Scientist,2897,No,4,54,Female
1970,No,Research & Development,Healthcare Representative,5968,No,9,33,Male
1971,No,Research & Development,Healthcare Representative,7510,No,10,43,Male
1972,No,Human Resources,Human Resources,2991,Yes,6,38,Male
1973,No,Human Resources,Manager,19636,Yes,10,55,Male
1974,No,Research & Development,Laboratory Technician,1129,Yes,1,31,Female
1975,No,Sales,Sales Executive,13341,No,20,39,Male
1976,No,Research & Development,Research Scientist,4332,No,20,42,Male
1979,No,Research & Development,Research Director,11031,No,11,31,Female
1980,No,Research & Development,Manufacturing Director,4440,Yes,5,54,Female
1981,No,Research & Development,Healthcare Representative,4617,No,4,24,Male
1982,No,Research & Development,Laboratory Technician,2647,No,5,23,Male
1985,No,Research & Development,Laboratory Technician,6323,No,10,40,Female
1986,No,Sales,Sales Executive,5677,No,11,40,Female
1987,No,Human Resources,Human Resources,2187,No,2,25,Female
1989,No,Research & Development,Laboratory Technician,3748,No,12,30,Male
1992,No,Research & Development,Laboratory Technician,3977,Yes,2,25,Male
1993,No,Research & Development,Healthcare Representative,8633,No,17,47,Male
1994,No,Research & Development,Laboratory Technician,2008,No,1,33,Male
1995,No,Sales,Sales Executive,4440,No,15,38,Male
1996,No,Sales,Sales Representative,3067,No,2,31,Male
1997,No,Research & Development,Manufacturing Director,5321,No,8,38,Male
1998,No,Research & Development,Research Scientist,5410,Yes,4,42,Male
1999,No,Research & Development,Research Scientist,2782,No,5,41,Male
2000,No,Research & Development,Research Director,11957,No,13,47,Female
2003,No,Research & Development,Laboratory Technician,2660,Yes,2,35,Male
2007,No,Research & Development,Research Scientist,3375,No,3,22,Male
2008,No,Research & Development,Research Scientist,5098,No,10,35,Male
2009,No,Research & Development,Healthcare Representative,4878,Yes,9,33,Female
2010,No,Research & Development,Laboratory Technician,2837,No,6,32,Female
2012,No,Research & Development,Laboratory Technician,2406,No,1,40,Male
2013,No,Sales,Sales Representative,2269,No,2,32,Male
2014,No,Research & Development,Research Scientist,4108,No,7,39,Male
2015,No,Research & Development,Research Director,13206,No,18,38,Female
2016,No,Sales,Sales Executive,10422,No,14,32,Female
2017,No,Research & Development,Research Director,13744,Yes,16,37,Female
2018,No,Sales,Sales Executive,4907,Yes,5,25,Female
2019,No,Sales,Sales Representative,3482,No,9,52,Male
2020,No,Research & Development,Research Scientist,2436,Yes,4,44,Male
2021,No,Sales,Sales Representative,2380,Yes,2,21,Male
2022,No,Research & Development,Manager,19431,No,6,39,Male
2023,Yes,Sales,Sales Representative,1790,No,1,23,Male
2024,No,Sales,Sales Executive,7644,No,9,36,Female
2025,No,Research & Development,Manufacturing Director,5131,No,4,36,Female
2026,No,Research & Development,Healthcare Representative,6306,No,13,56,Male
2027,Yes,Research & Development,Research Scientist,4787,Yes,2,29,Male
2031,No,Research & Development,Manager,18880,No,22,42,Male
2032,Yes,Research & Development,Laboratory Technician,2339,No,10,56,Male
2034,No,Research & Development,Manufacturing Director,13570,No,20,41,Female
2035,No,Sales,Sales Executive,6712,No,8,34,Female
2037,No,Sales,Sales Executive,8938,No,5,41,Male
2038,No,Research & Development,Research Scientist,2439,No,4,32,Male
2040,No,Human Resources,Human Resources,8837,Yes,9,35,Female
2041,No,Sales,Sales Executive,5343,No,10,38,Female
2044,Yes,Sales,Sales Executive,6728,No,6,50,Male
2045,No,Sales,Sales Executive,6652,No,6,36,Female
2046,No,Sales,Sales Executive,4850,No,5,45,Female
2048,No,Research & Development,Research Scientist,2809,No,2,40,Male
2049,No,Research & Development,Healthcare Representative,5689,Yes,10,35,Male
2051,No,Research & Development,Research Scientist,2001,No,5,40,Female
2052,No,Research & Development,Research Scientist,2977,No,4,35,Female
2053,No,Research & Development,Laboratory Technician,4025,Yes,4,29,Male
2054,No,Research & Development,Research Scientist,3785,No,5,29,Female
2055,Yes,Sales,Sales Executive,10854,Yes,3,50,Male
2056,No,Sales,Sales Executive,12031,No,20,39,Female
2057,No,Research & Development,Manufacturing Director,9936,No,9,31,Male
2060,No,Sales,Sales Representative,2966,No,4,26,Female
2061,No,Research & Development,Laboratory Technician,2571,No,5,36,Male
2062,No,Research & Development,Healthcare Representative,9991,No,7,39,Male
2064,No,Research & Development,Manufacturing Director,6142,Yes,6,27,Male
2065,No,Sales,Sales Executive,5390,No,9,49,Male
2068,No,Research & Development,Laboratory Technician,4404,No,4,34,Male